Date,District,Dengue_Cases,Temperature,Humidity,Rainfall_mm,Previous_Day_Dengue_Cases
01-01-23,Dhaka,21,17.9,81,0,15
02-01-23,Dhaka,13,19.1,71,0,21
03-01-23,Dhaka,22,16.2,87,0,13
04-01-23,Dhaka,19,14.8,91,0,22
05-01-23,Dhaka,25,15.2,86,0,19
06-01-23,Dhaka,5,14.5,89,0,25
07-01-23,Dhaka,14,13.3,93,0,5
08-01-23,Dhaka,7,16,88,0,14
09-01-23,Dhaka,9,19.8,70,0,7
10-01-23,Dhaka,15,21,59,0,9
11-01-23,Dhaka,13,18.8,54,0,15
12-01-23,Dhaka,7,16.3,71,0,13
13-01-23,Dhaka,4,18.5,70,0,7
14-01-23,Dhaka,5,20.2,85,0,4
15-01-23,Dhaka,5,20.8,65,0,5
16-01-23,Dhaka,9,19.3,60,0,5
17-01-23,Dhaka,5,18.7,58,0,9
18-01-23,Dhaka,8,17.9,63,0,5
19-01-23,Dhaka,6,18.2,59,0,8
20-01-23,Dhaka,1,18.9,65,0,6
21-01-23,Dhaka,9,18.7,66,0,1
22-01-23,Dhaka,3,20,67,0,9
23-01-23,Dhaka,6,20.9,70,0,3
24-01-23,Dhaka,5,21.3,69,0,6
25-01-23,Dhaka,6,21.7,73,0,5
26-01-23,Dhaka,3,22.3,75,0,6
27-01-23,Dhaka,2,23,68,0,3
28-01-23,Dhaka,3,22.4,72,0,2
29-01-23,Dhaka,8,19.7,78,0,3
30-01-23,Dhaka,4,21.4,75,0,8
31-01-23,Dhaka,5,24.1,63,0,4
01-02-23,Dhaka,2,20,61,0,5
02-02-23,Dhaka,2,19.44,61,0,2
03-02-23,Dhaka,2,19.44,67,0,2
04-02-23,Dhaka,7,18.89,66,0,2
05-02-23,Dhaka,3,20.56,60,0,7
06-02-23,Dhaka,4,20.56,65,0,3
07-02-23,Dhaka,3,19.44,70,0,4
08-02-23,Dhaka,4,17.22,73,0,3
09-02-23,Dhaka,3,18.89,73,0,4
10-02-23,Dhaka,3,19.44,55,0,3
11-02-23,Dhaka,4,21.11,59,0,3
12-02-23,Dhaka,4,21.11,63,0,4
13-02-23,Dhaka,2,21.11,32,0,4
14-02-23,Dhaka,3,21.67,40,0,2
15-02-23,Dhaka,6,23.33,52,0,3
16-02-23,Dhaka,2,23.33,58,0,6
17-02-23,Dhaka,0,21.67,61,0,2
18-02-23,Dhaka,3,20.56,68,0,0
19-02-23,Dhaka,3,21.11,72,0,3
20-02-23,Dhaka,2,21.11,71,0,3
21-02-23,Dhaka,0,22.22,75,0,2
22-02-23,Dhaka,3,21.11,74,0,0
23-02-23,Dhaka,3,20.56,67,0,3
24-02-23,Dhaka,0,22.22,71,0,3
25-02-23,Dhaka,3,20,55,2,0
26-02-23,Dhaka,3,20.56,53,0,3
27-02-23,Dhaka,1,21.67,56,0,3
28-02-23,Dhaka,0,21.67,46,0,1
01-03-23,Dhaka,2,22.22,50,0,0
02-03-23,Dhaka,6,26.7,56,0,2
03-03-23,Dhaka,0,26.8,53,0,6
04-03-23,Dhaka,1,27.1,55,0,0
05-03-23,Dhaka,4,27.2,56,0,1
06-03-23,Dhaka,5,27.1,52,0,4
07-03-23,Dhaka,2,27.3,46,0,5
08-03-23,Dhaka,1,27.5,48,0,2
09-03-23,Dhaka,7,27.6,48,0,1
10-03-23,Dhaka,0,27.6,48,0,7
11-03-23,Dhaka,2,27.4,54,0,0
12-03-23,Dhaka,2,28.4,48,0,2
13-03-23,Dhaka,3,28.2,48,0,2
14-03-23,Dhaka,1,28.6,51,0,3
15-03-23,Dhaka,2,27.2,67,0,1
16-03-23,Dhaka,3,27.7,68,2,2
17-03-23,Dhaka,0,24.9,68,1,3
18-03-23,Dhaka,4,27.1,57,0,0
19-03-23,Dhaka,3,22.8,87,0,4
20-03-23,Dhaka,1,24.2,73,18,3
21-03-23,Dhaka,1,24.6,71,0,1
22-03-23,Dhaka,4,26,67,0,1
23-03-23,Dhaka,1,26.7,65,0,4
24-03-23,Dhaka,0,25.3,74,0,1
25-03-23,Dhaka,5,25.9,77,19,0
26-03-23,Dhaka,0,27,70,2,5
27-03-23,Dhaka,4,27.4,62,0,0
28-03-23,Dhaka,5,28.4,62,0,4
29-03-23,Dhaka,2,25.2,78,0,5
30-03-23,Dhaka,3,26.3,70,4,2
31-03-23,Dhaka,0,25.8,71,28,3
01-04-23,Dhaka,4,24.4,78,15,0
02-04-23,Dhaka,1,26.8,68,1,4
03-04-23,Dhaka,0,28.2,54,0,1
04-04-23,Dhaka,5,29.9,65,0,0
05-04-23,Dhaka,5,29.5,70,0,5
06-04-23,Dhaka,8,29.3,54,0,5
07-04-23,Dhaka,0,29.4,50,0,8
08-04-23,Dhaka,1,30.4,42,0,0
09-04-23,Dhaka,4,30.8,38,0,1
10-04-23,Dhaka,7,30.5,41,0,4
11-04-23,Dhaka,3,31.3,41,0,7
12-04-23,Dhaka,2,31.8,39,0,3
13-04-23,Dhaka,3,32.7,37,0,2
14-04-23,Dhaka,0,31.1,43,0,3
15-04-23,Dhaka,0,34,50,0,0
16-04-23,Dhaka,4,34,47,0,0
17-04-23,Dhaka,2,32.4,67,0,4
18-04-23,Dhaka,1,32.4,66,0,2
19-04-23,Dhaka,0,32.2,68,0,1
20-04-23,Dhaka,1,32.1,68,0,0
21-04-23,Dhaka,0,29.8,64,0,1
22-04-23,Dhaka,0,29.5,60,0,0
23-04-23,Dhaka,0,26.3,62,1,0
24-04-23,Dhaka,6,28.1,56,0,0
25-04-23,Dhaka,5,30.2,49,0,6
26-04-23,Dhaka,5,31.4,43,0,5
27-04-23,Dhaka,11,28.7,59,0,5
28-04-23,Dhaka,0,29.5,59,3,11
29-04-23,Dhaka,10,27.9,68,0,0
30-04-23,Dhaka,15,28,64,0,10
01-05-23,Dhaka,21,28.3,61,2,15
02-05-23,Dhaka,20,30.1,52,0,21
03-05-23,Dhaka,9,28.1,72,0,20
04-05-23,Dhaka,7,28.4,73,7,9
05-05-23,Dhaka,4,29.9,67,1,7
06-05-23,Dhaka,13,30.4,64,0,4
07-05-23,Dhaka,8,32.5,59,12,13
08-05-23,Dhaka,29,33.1,57,0,8
09-05-23,Dhaka,15,33.5,46,0,29
10-05-23,Dhaka,24,32,57,0,15
11-05-23,Dhaka,14,32,57,0,24
12-05-23,Dhaka,5,31.3,59,0,14
13-05-23,Dhaka,23,31.2,60,0,5
14-05-23,Dhaka,14,28.3,53,0,23
15-05-23,Dhaka,16,29.6,56,0,14
16-05-23,Dhaka,26,28.8,65,0,16
17-05-23,Dhaka,34,26.4,71,3,26
18-05-23,Dhaka,22,26.5,75,50,34
19-05-23,Dhaka,3,29.6,76,4,22
20-05-23,Dhaka,51,30.5,65,0,3
21-05-23,Dhaka,22,29.1,74,0,51
22-05-23,Dhaka,36,30.7,71,27,22
23-05-23,Dhaka,41,26.7,82,0,36
24-05-23,Dhaka,30,27,75,29,41
25-05-23,Dhaka,41,29,72,0,30
26-05-23,Dhaka,4,29.5,65,0,41
27-05-23,Dhaka,73,26.6,79,1,4
28-05-23,Dhaka,58,29.8,66,9,73
29-05-23,Dhaka,58,31.6,59,0,58
30-05-23,Dhaka,61,32.2,57,0,58
31-05-23,Dhaka,82,33.7,55,0,61
01-06-23,Dhaka,61,33.1,67,0,82
02-06-23,Dhaka,2,32.9,65,0,61
03-06-23,Dhaka,128,32.9,65,0,2
04-06-23,Dhaka,87,33.1,65,0,128
05-06-23,Dhaka,87,33.7,59,0,87
06-06-23,Dhaka,89,33.7,63,0,87
07-06-23,Dhaka,127,33.5,65,0,89
08-06-23,Dhaka,122,30,78,0,127
09-06-23,Dhaka,9,27,90,2,122
10-06-23,Dhaka,148,28.2,84,47,9
11-06-23,Dhaka,136,28.9,79,1,148
12-06-23,Dhaka,150,27,87,0,136
13-06-23,Dhaka,174,30.6,75,39,150
14-06-23,Dhaka,175,32.3,73,0,174
15-06-23,Dhaka,237,31.1,77,0,175
16-06-23,Dhaka,25,31,80,0,237
17-06-23,Dhaka,402,30.3,76,36,25
18-06-23,Dhaka,232,28.9,86,42,402
19-06-23,Dhaka,259,29.3,82,3,232
20-06-23,Dhaka,273,28.6,84,3,259
21-06-23,Dhaka,282,30.7,77,5,273
22-06-23,Dhaka,278,29.9,77,0,282
23-06-23,Dhaka,36,30.3,76,0,278
24-06-23,Dhaka,417,30.2,74,14,36
25-06-23,Dhaka,267,30.3,71,0,417
26-06-23,Dhaka,236,28.7,79,1,267
27-06-23,Dhaka,104,27.4,88,4,236
28-06-23,Dhaka,55,26.1,95,15,104
29-06-23,Dhaka,24,26.5,94,115,55
30-06-23,Dhaka,41,27.3,91,36,24
01-07-23,Dhaka,178,26.9,93,91,41
02-07-23,Dhaka,224,29.2,89,80,178
03-07-23,Dhaka,178,30.1,83,10,224
04-07-23,Dhaka,429,31.6,71,2,178
05-07-23,Dhaka,382,30.6,75,1,429
06-07-23,Dhaka,433,29.2,81,3,382
07-07-23,Dhaka,72,29.5,81,11,433
08-07-23,Dhaka,603,30.6,74,11,72
09-07-23,Dhaka,516,30.2,80,0,603
10-07-23,Dhaka,574,30.3,88,1,516
11-07-23,Dhaka,628,30.3,76,3,574
12-07-23,Dhaka,709,30.1,76,0,628
13-07-23,Dhaka,756,30.2,77,1,709
14-07-23,Dhaka,184,29.9,80,1,756
15-07-23,Dhaka,1168,29.6,75,6,184
16-07-23,Dhaka,741,28.4,84,1,1168
17-07-23,Dhaka,847,30.4,74,0,741
18-07-23,Dhaka,779,31.7,68,0,847
19-07-23,Dhaka,922,31.6,69,0,779
20-07-23,Dhaka,845,31.6,68,0,922
21-07-23,Dhaka,403,31.8,67,0,845
22-07-23,Dhaka,1239,31.8,65,0,403
23-07-23,Dhaka,1064,31.5,70,0,1239
24-07-23,Dhaka,1238,32.1,65,0,1064
25-07-23,Dhaka,1162,32.1,67,0,1238
26-07-23,Dhaka,1327,31.2,70,0,1162
27-07-23,Dhaka,1122,29.9,79,5,1327
28-07-23,Dhaka,907,30.4,78,4,1122
29-07-23,Dhaka,1143,30.9,75,12,907
30-07-23,Dhaka,1184,32.5,67,0,1143
31-07-23,Dhaka,1168,31.3,75,1,1184
01-08-23,Dhaka,1131,31.1,70,5,1168
02-08-23,Dhaka,1130,28.3,88,5,1131
03-08-23,Dhaka,1101,29,84,19,1130
04-08-23,Dhaka,892,28,90,5,1101
05-08-23,Dhaka,1069,29.4,81,55,892
06-08-23,Dhaka,1078,27.8,91,5,1069
07-08-23,Dhaka,1119,27.4,95,18,1078
08-08-23,Dhaka,1002,27.3,91,54,1119
09-08-23,Dhaka,1092,28.8,84,7,1002
10-08-23,Dhaka,1097,28.4,86,38,1092
11-08-23,Dhaka,853,28.8,87,60,1097
12-08-23,Dhaka,940,28.8,86,5,853
13-08-23,Dhaka,1042,27.3,93,56,940
14-08-23,Dhaka,919,28.3,89,21,1042
15-08-23,Dhaka,731,29.5,87,7,919
16-08-23,Dhaka,834,29,87,24,731
17-08-23,Dhaka,899,31.2,73,46,834
18-08-23,Dhaka,804,30.8,71,0,899
19-08-23,Dhaka,738,29.8,78,1,804
20-08-23,Dhaka,785,31.3,71,2,738
21-08-23,Dhaka,872,31.3,70,0,785
22-08-23,Dhaka,842,28.9,83,0,872
23-08-23,Dhaka,857,29.4,79,2,842
24-08-23,Dhaka,926,28.6,87,0,857
25-08-23,Dhaka,703,28.2,86,18,926
26-08-23,Dhaka,833,28.8,83,14,703
27-08-23,Dhaka,920,20,82,0,833
28-08-23,Dhaka,918,30.2,78,6,920
29-08-23,Dhaka,920,29.6,81,0,918
30-08-23,Dhaka,899,32.1,67,1,920
31-08-23,Dhaka,875,30.2,83,0,899
01-09-23,Dhaka,589,29.8,84,13,875
02-09-23,Dhaka,982,29.8,84,2,589
03-09-23,Dhaka,892,30,76,55,982
04-09-23,Dhaka,1005,30,81,34,892
05-09-23,Dhaka,951,31.9,73,1,1005
06-09-23,Dhaka,833,31.1,75,0,951
07-09-23,Dhaka,899,29.7,79,8,833
08-09-23,Dhaka,842,29.2,80,5,899
09-09-23,Dhaka,1051,30,79,0,842
10-09-23,Dhaka,994,30.3,80,0,1051
11-09-23,Dhaka,967,28.9,87,0,994
12-09-23,Dhaka,911,28.9,85,43,967
13-09-23,Dhaka,823,30.5,73,29,911
14-09-23,Dhaka,900,29.9,75,0,823
15-09-23,Dhaka,843,30.6,74,0,900
16-09-23,Dhaka,881,31.7,72,0,843
17-09-23,Dhaka,849,30.6,75,0,881
18-09-23,Dhaka,894,29.1,80,22,849
19-09-23,Dhaka,849,27.4,92,21,894
20-09-23,Dhaka,857,27.9,86,12,849
21-09-23,Dhaka,789,27.6,87,24,857
22-09-23,Dhaka,677,29.4,82,122,789
23-09-23,Dhaka,814,28.1,85,2,677
24-09-23,Dhaka,812,29,81,11,814
25-09-23,Dhaka,801,29.9,77,0,812
26-09-23,Dhaka,774,29.8,81,1,801
27-09-23,Dhaka,726,30.5,79,0,774
28-09-23,Dhaka,671,32.3,68,0,726
29-09-23,Dhaka,584,30.8,75,0,671
30-09-23,Dhaka,751,30.1,72,8,584
01-10-23,Dhaka,629,30.4,75,0,751
02-10-23,Dhaka,607,29.9,75,0,629
03-10-23,Dhaka,682,28,82,7,607
04-10-23,Dhaka,720,27.1,89,18,682
05-10-23,Dhaka,633,27.4,92,43,720
06-10-23,Dhaka,504,27,93,56,633
07-10-23,Dhaka,585,29.1,84,125,504
08-10-23,Dhaka,612,29.9,78,0,585
09-10-23,Dhaka,649,30.1,78,0,612
10-10-23,Dhaka,617,29.2,77,0,649
11-10-23,Dhaka,579,30.1,73,0,617
12-10-23,Dhaka,491,30.3,71,0,579
13-10-23,Dhaka,478,29.1,69,0,491
14-10-23,Dhaka,460,29.4,65,0,478
15-10-23,Dhaka,537,28.3,72,0,460
16-10-23,Dhaka,539,28.7,74,0,537
17-10-23,Dhaka,561,27.4,80,0,539
18-10-23,Dhaka,574,28.7,68,7,561
19-10-23,Dhaka,515,28.8,66,0,574
20-10-23,Dhaka,424,28.7,60,0,515
21-10-23,Dhaka,412,29,61,0,424
22-10-23,Dhaka,500,28.4,73,0,412
23-10-23,Dhaka,454,25.9,87,2,500
24-10-23,Dhaka,427,26.8,80,59,454
25-10-23,Dhaka,435,27.9,72,0,427
26-10-23,Dhaka,409,28.2,73,0,435
27-10-23,Dhaka,365,27.8,65,0,409
28-10-23,Dhaka,407,27.3,57,0,365
29-10-23,Dhaka,355,27.5,57,0,407
30-10-23,Dhaka,374,27,69,0,355
31-10-23,Dhaka,413,28.2,64,0,374
01-11-23,Dhaka,384,29.42,62,0,413
02-11-23,Dhaka,379,28.8,59,0,384
03-11-23,Dhaka,355,27.9,64,0,379
04-11-23,Dhaka,430,27.8,64,0,355
05-11-23,Dhaka,433,26.8,66,0,430
06-11-23,Dhaka,417,26.5,58,0,433
07-11-23,Dhaka,394,26.2,65,0,417
08-11-23,Dhaka,359,26.1,65,0,394
09-11-23,Dhaka,271,25.8,64,0,359
10-11-23,Dhaka,298,26.1,60,0,271
11-11-23,Dhaka,338,25.7,66,0,298
12-11-23,Dhaka,351,26,67,0,338
13-11-23,Dhaka,330,25.9,66,0,351
14-11-23,Dhaka,319,26,60,0,330
15-11-23,Dhaka,349,27.2,55,0,319
16-11-23,Dhaka,302,25.2,81,0,349
17-11-23,Dhaka,206,21.9,93,2,302
18-11-23,Dhaka,204,24.9,76,30,206
19-11-23,Dhaka,247,25.7,77,0,204
20-11-23,Dhaka,286,26.2,70,0,247
21-11-23,Dhaka,221,25,72,0,286
22-11-23,Dhaka,229,24.6,60,0,221
23-11-23,Dhaka,253,24,65,0,229
24-11-23,Dhaka,154,23.8,69,0,253
25-11-23,Dhaka,184,23.7,67,0,154
26-11-23,Dhaka,217,24.3,67,0,184
27-11-23,Dhaka,219,25.8,68,0,217
28-11-23,Dhaka,193,26.1,65,0,219
29-11-23,Dhaka,193,24.8,74,0,193
30-11-23,Dhaka,144,25.1,68,0,193
01-12-23,Dhaka,138,25.6,59,0,144
02-12-23,Dhaka,139,25.1,62,0,138
03-12-23,Dhaka,156,25,63,0,139
04-12-23,Dhaka,135,25.4,63,0,156
05-12-23,Dhaka,124,24.8,68,0,135
06-12-23,Dhaka,118,24.2,77,0,124
07-12-23,Dhaka,108,20.2,96,10,118
08-12-23,Dhaka,64,21.2,88,46,108
09-12-23,Dhaka,94,21.8,80,1,64
10-12-23,Dhaka,86,20.3,82,0,94
11-12-23,Dhaka,103,19.7,85,0,86
12-12-23,Dhaka,80,19.4,87,0,103
13-12-23,Dhaka,62,19.7,73,0,80
14-12-23,Dhaka,97,19.6,65,0,62
15-12-23,Dhaka,57,20.1,68,0,97
16-12-23,Dhaka,51,20.3,70,0,57
17-12-23,Dhaka,63,20.7,67,0,51
18-12-23,Dhaka,65,21.2,69,0,63
19-12-23,Dhaka,40,21.2,66,0,65
20-12-23,Dhaka,57,21,70,0,40
21-12-23,Dhaka,40,21.5,71,0,57
22-12-23,Dhaka,30,21.4,75,0,40
23-12-23,Dhaka,33,21.2,77,0,30
24-12-23,Dhaka,41,21.6,76,0,33
25-12-23,Dhaka,19,21.6,76,0,41
26-12-23,Dhaka,35,21.2,79,0,19
27-12-23,Dhaka,28,21.8,76,0,35
28-12-23,Dhaka,28,21.8,74,0,28
29-12-23,Dhaka,14,21.8,76,0,28
30-12-23,Dhaka,32,22.8,68,0,14
31-12-23,Dhaka,35,19.2,84,0,32
01-01-22,Dhaka,1,20,71,0,35
02-01-22,Dhaka,7,18.3,83,0,1
03-01-22,Dhaka,4,19.1,74,0,7
04-01-22,Dhaka,2,18.9,76,0,4
05-01-22,Dhaka,2,18,83,0,2
06-01-22,Dhaka,3,19.2,76,0,2
07-01-22,Dhaka,1,21.1,71,0,3
08-01-22,Dhaka,2,21.9,65,0,1
09-01-22,Dhaka,4,22.2,67,0,2
10-01-22,Dhaka,2,22.3,66,0,4
11-01-22,Dhaka,3,22.3,67,0,2
12-01-22,Dhaka,0,21.2,77,1,3
13-01-22,Dhaka,3,21.3,73,0,0
14-01-22,Dhaka,1,19.6,72,0,3
15-01-22,Dhaka,3,19.5,74,0,1
16-01-22,Dhaka,2,19,65,0,3
17-01-22,Dhaka,2,20,66,0,2
18-01-22,Dhaka,3,19.5,73,0,2
19-01-22,Dhaka,5,18.7,77,0,3
20-01-22,Dhaka,1,18.1,75,0,5
21-01-22,Dhaka,0,18.8,72,0,1
22-01-22,Dhaka,0,19.1,73,0,0
23-01-22,Dhaka,1,19.8,73,0,0
24-01-22,Dhaka,2,19.8,81,7,1
25-01-22,Dhaka,1,21.1,79,0,2
26-01-22,Dhaka,0,20.5,81,0,1
27-01-22,Dhaka,1,19,58,4,0
28-01-22,Dhaka,2,17.3,56,0,1
29-01-22,Dhaka,0,16.8,65,0,2
30-01-22,Dhaka,0,16.8,71,0,0
31-01-22,Dhaka,0,18.1,68,0,0
01-02-22,Dhaka,0,20.1,72,0,0
02-02-22,Dhaka,2,21.2,63,0,0
03-02-22,Dhaka,2,22,77,0,2
04-02-22,Dhaka,0,18.6,87,0,2
05-02-22,Dhaka,2,18.4,73,16,0
06-02-22,Dhaka,1,17.4,72,0,2
07-02-22,Dhaka,0,17.7,71,0,1
08-02-22,Dhaka,0,18.6,68,0,0
09-02-22,Dhaka,0,20.3,67,0,0
10-02-22,Dhaka,0,18.6,80,0,0
11-02-22,Dhaka,0,20.3,72,0,0
12-02-22,Dhaka,1,19.9,52,0,0
13-02-22,Dhaka,1,20.8,54,0,1
14-02-22,Dhaka,0,21.3,53,0,1
15-02-22,Dhaka,0,21.4,52,0,0
16-02-22,Dhaka,0,21.9,46,0,0
17-02-22,Dhaka,0,21.6,54,0,0
18-02-22,Dhaka,0,21.9,45,0,0
19-02-22,Dhaka,0,21.2,47,0,0
20-02-22,Dhaka,0,20.8,63,0,0
21-02-22,Dhaka,0,21.4,59,4,0
22-02-22,Dhaka,0,22.5,60,0,0
23-02-22,Dhaka,1,22.6,68,0,0
24-02-22,Dhaka,0,24.7,57,0,1
25-02-22,Dhaka,0,24.7,57,0,0
26-02-22,Dhaka,0,15,61,0,0
27-02-22,Dhaka,0,24.7,62,0,0
28-02-22,Dhaka,0,25.4,64,0,0
01-03-22,Dhaka,0,25.3,50,0,0
02-03-22,Dhaka,1,25.4,48,0,0
03-03-22,Dhaka,0,25,50,0,1
04-03-22,Dhaka,0,24.8,50,0,0
05-03-22,Dhaka,0,25.9,48,0,0
06-03-22,Dhaka,1,26.5,45,0,0
07-03-22,Dhaka,0,27.5,50,0,1
08-03-22,Dhaka,0,28.1,55,0,0
09-03-22,Dhaka,1,28.2,48,0,0
10-03-22,Dhaka,1,27.7,45,0,1
11-03-22,Dhaka,2,27.4,44,0,1
12-03-22,Dhaka,0,27.9,44,0,2
13-03-22,Dhaka,0,28,44,0,0
14-03-22,Dhaka,0,28.9,53,0,0
15-03-22,Dhaka,0,28.8,49,0,0
16-03-22,Dhaka,0,29.8,46,0,0
17-03-22,Dhaka,0,29.3,48,0,0
18-03-22,Dhaka,0,29.4,49,0,0
19-03-22,Dhaka,0,29.7,43,0,0
20-03-22,Dhaka,0,29.5,48,0,0
21-03-22,Dhaka,0,28.8,60,0,0
22-03-22,Dhaka,0,29,66,0,0
23-03-22,Dhaka,0,30.7,59,0,0
24-03-22,Dhaka,0,28.9,70,0,0
25-03-22,Dhaka,0,28.9,73,0,0
26-03-22,Dhaka,0,29.2,74,0,0
27-03-22,Dhaka,1,28.5,77,0,0
28-03-22,Dhaka,0,28.5,72,9,1
29-03-22,Dhaka,0,27.9,76,0,0
30-03-22,Dhaka,4,28.7,75,5,0
31-03-22,Dhaka,0,29.4,71,0,4
01-04-22,Dhaka,0,29.9,72,0,0
02-04-22,Dhaka,0,29.5,73,0,0
03-04-22,Dhaka,2,29.3,72,0,0
04-04-22,Dhaka,0,29.4,70,0,2
05-04-22,Dhaka,0,29.7,68,0,0
06-04-22,Dhaka,0,29.8,69,0,0
07-04-22,Dhaka,1,30.2,67,0,0
08-04-22,Dhaka,0,29.9,66,0,1
09-04-22,Dhaka,0,29.8,70,0,0
10-04-22,Dhaka,2,30.1,69,0,0
11-04-22,Dhaka,1,30.1,73,0,2
12-04-22,Dhaka,0,29.5,75,0,1
13-04-22,Dhaka,1,30.3,70,0,0
14-04-22,Dhaka,0,30.1,75,0,1
15-04-22,Dhaka,0,30.7,73,0,0
16-04-22,Dhaka,1,30.4,73,0,0
17-04-22,Dhaka,1,30,74,0,1
18-04-22,Dhaka,1,30.7,71,0,1
19-04-22,Dhaka,0,30.5,67,0,1
20-04-22,Dhaka,2,22.7,83,0,0
21-04-22,Dhaka,1,27.6,77,60,2
22-04-22,Dhaka,0,27,82,0,1
23-04-22,Dhaka,0,29.2,79,41,0
24-04-22,Dhaka,1,30.9,77,0,0
25-04-22,Dhaka,1,31.1,75,0,1
26-04-22,Dhaka,3,31.2,73,0,1
27-04-22,Dhaka,1,30.9,73,0,3
28-04-22,Dhaka,0,29.8,60,0,1
29-04-22,Dhaka,0,28.2,74,1,0
30-04-22,Dhaka,0,29.8,60,4,0
01-05-22,Dhaka,0,30.5,65,1,0
02-05-22,Dhaka,0,28.7,67,6,0
03-05-22,Dhaka,0,26.2,82,1,0
04-05-22,Dhaka,0,27,83,14,0
05-05-22,Dhaka,1,28.7,76,1,0
06-05-22,Dhaka,1,28.2,74,0,1
07-05-22,Dhaka,0,28.9,76,4,1
08-05-22,Dhaka,5,30.5,69,0,0
09-05-22,Dhaka,1,27.8,80,25,5
10-05-22,Dhaka,2,26.4,92,1,1
11-05-22,Dhaka,0,27.4,89,37,2
12-05-22,Dhaka,0,28.8,81,0,0
13-05-22,Dhaka,1,28.7,82,0,0
14-05-22,Dhaka,3,30.7,73,1,1
15-05-22,Dhaka,1,31,72,0,3
16-05-22,Dhaka,8,31.2,73,0,1
17-05-22,Dhaka,12,31.2,74,0,8
18-05-22,Dhaka,5,31.8,71,0,12
19-05-22,Dhaka,5,29.8,74,0,5
20-05-22,Dhaka,0,29.4,73,0,5
21-05-22,Dhaka,9,26.4,77,42,0
22-05-22,Dhaka,6,30.1,69,14,9
23-05-22,Dhaka,14,30.8,70,0,6
24-05-22,Dhaka,12,30.4,67,0,14
25-05-22,Dhaka,6,27.3,81,0,12
26-05-22,Dhaka,7,29.3,74,39,6
27-05-22,Dhaka,5,29.3,62,0,7
28-05-22,Dhaka,15,29.3,75,0,5
29-05-22,Dhaka,10,28.8,72,0,15
30-05-22,Dhaka,18,27.9,87,0,10
31-05-22,Dhaka,14,29.3,77,31,18
01-06-22,Dhaka,9,29.3,81,0,14
02-06-22,Dhaka,19,29.7,79,19,9
03-06-22,Dhaka,16,29.4,82,2,19
04-06-22,Dhaka,13,28.6,82,12,16
05-06-22,Dhaka,14,31.3,76,0,13
06-06-22,Dhaka,19,31,70,0,14
07-06-22,Dhaka,16,30.5,76,0,19
08-06-22,Dhaka,16,31.7,74,0,16
09-06-22,Dhaka,28,25.9,88,0,16
10-06-22,Dhaka,17,29.5,75,64,28
11-06-22,Dhaka,19,30.5,76,0,17
12-06-22,Dhaka,23,30.9,76,0,19
13-06-22,Dhaka,13,30.7,78,0,23
14-06-22,Dhaka,17,30.4,76,2,13
15-06-22,Dhaka,22,29.9,78,0,17
16-06-22,Dhaka,31,29.2,81,1,22
17-06-22,Dhaka,29,26.7,92,2,31
18-06-22,Dhaka,39,27.5,89,34,29
19-06-22,Dhaka,24,28,84,3,39
20-06-22,Dhaka,26,27.5,83,0,24
21-06-22,Dhaka,27,27.5,83,12,26
22-06-22,Dhaka,26,29.2,79,0,27
23-06-22,Dhaka,26,28.7,79,0,26
24-06-22,Dhaka,16,29.9,73,1,26
25-06-22,Dhaka,33,29.7,74,0,16
26-06-22,Dhaka,29,30.7,73,0,33
27-06-22,Dhaka,17,30.9,72,0,29
28-06-22,Dhaka,46,30.6,74,0,17
29-06-22,Dhaka,38,29.5,81,0,46
30-06-22,Dhaka,33,28.4,88,16,38
01-07-22,Dhaka,19,29.8,78,5,33
02-07-22,Dhaka,47,30.2,74,3,19
03-07-22,Dhaka,32,29.6,78,0,47
04-07-22,Dhaka,31,30.7,74,9,32
05-07-22,Dhaka,43,32.2,72,0,31
06-07-22,Dhaka,32,30.8,75,0,43
07-07-22,Dhaka,28,30.5,80,0,32
08-07-22,Dhaka,29,31.1,73,0,28
09-07-22,Dhaka,17,31.6,76,0,29
10-07-22,Dhaka,4,30.6,74,0,17
11-07-22,Dhaka,7,30.6,74,0,4
12-07-22,Dhaka,42,31.4,69,0,7
13-07-22,Dhaka,39,31.7,67,0,42
14-07-22,Dhaka,41,31.7,69,0,39
15-07-22,Dhaka,30,31.5,72,2,41
16-07-22,Dhaka,54,31.6,68,3,30
17-07-22,Dhaka,35,31.2,73,0,54
18-07-22,Dhaka,44,30.7,74,0,35
19-07-22,Dhaka,38,30.3,77,0,44
20-07-22,Dhaka,56,29.3,83,2,38
21-07-22,Dhaka,52,30.7,75,2,56
22-07-22,Dhaka,34,31.7,71,0,52
23-07-22,Dhaka,63,30.4,75,0,34
24-07-22,Dhaka,59,27.6,86,2,63
25-07-22,Dhaka,40,28.8,78,6,59
26-07-22,Dhaka,74,28.1,85,0,40
27-07-22,Dhaka,58,30.5,71,1,74
28-07-22,Dhaka,58,30,77,9,58
29-07-22,Dhaka,48,30.9,72,7,58
30-07-22,Dhaka,72,31,71,0,48
31-07-22,Dhaka,57,29.6,82,0,72
01-08-22,Dhaka,66,28.6,84,10,57
02-08-22,Dhaka,51,29.5,83,0,66
03-08-22,Dhaka,59,29.8,81,0,51
04-08-22,Dhaka,67,29.7,81,3,59
05-08-22,Dhaka,40,31.4,71,1,67
06-08-22,Dhaka,77,30.1,76,10,40
07-08-22,Dhaka,73,31.4,70,14,77
08-08-22,Dhaka,59,30.7,71,0,73
09-08-22,Dhaka,50,29.8,70,0,59
10-08-22,Dhaka,73,28.7,74,0,50
11-08-22,Dhaka,73,29.4,74,0,73
12-08-22,Dhaka,50,30.3,71,0,73
13-08-22,Dhaka,89,29.2,77,5,50
14-08-22,Dhaka,70,28.4,83,4,89
15-08-22,Dhaka,69,29.7,77,37,70
16-08-22,Dhaka,108,31.1,72,0,69
17-08-22,Dhaka,77,31.9,73,0,108
18-08-22,Dhaka,81,32,69,0,77
19-08-22,Dhaka,46,29.9,73,1,81
20-08-22,Dhaka,97,30.5,72,2,46
21-08-22,Dhaka,116,31.4,70,0,97
22-08-22,Dhaka,122,30.5,80,0,116
23-08-22,Dhaka,107,29.5,80,26,122
24-08-22,Dhaka,125,29.1,77,7,107
25-08-22,Dhaka,134,30.3,73,0,125
26-08-22,Dhaka,67,31.2,71,0,134
27-08-22,Dhaka,109,30.1,77,0,67
28-08-22,Dhaka,144,29.5,79,0,109
29-08-22,Dhaka,149,31.2,72,10,144
30-08-22,Dhaka,196,31.6,71,0,149
31-08-22,Dhaka,203,31.7,69,0,196
01-09-22,Dhaka,143,31.2,74,0,203
02-09-22,Dhaka,71,30,77,0,143
03-09-22,Dhaka,204,29.2,82,22,71
04-09-22,Dhaka,158,28.7,85,16,204
05-09-22,Dhaka,157,28.6,87,1,158
06-09-22,Dhaka,224,28.3,88,18,157
07-09-22,Dhaka,196,30.2,79,14,224
08-09-22,Dhaka,204,30.2,79,1,196
09-09-22,Dhaka,140,31.3,71,23,204
10-09-22,Dhaka,244,29.3,78,0,140
11-09-22,Dhaka,239,27.9,83,0,244
12-09-22,Dhaka,228,26.7,89,13,239
13-09-22,Dhaka,238,26,95,32,228
14-09-22,Dhaka,264,25.9,96,53,238
15-09-22,Dhaka,294,28.7,83,66,264
16-09-22,Dhaka,138,28.4,83,0,294
17-09-22,Dhaka,302,29.7,80,1,138
18-09-22,Dhaka,280,28.9,86,1,302
19-09-22,Dhaka,253,30,75,1,280
20-09-22,Dhaka,315,29.6,74,0,253
21-09-22,Dhaka,328,30.1,75,0,315
22-09-22,Dhaka,306,30.3,74,0,328
23-09-22,Dhaka,92,30,76,0,306
24-09-22,Dhaka,325,29.8,77,0,92
25-09-22,Dhaka,309,28.8,81,0,325
26-09-22,Dhaka,328,28.5,86,0,309
27-09-22,Dhaka,320,29.2,81,20,328
28-09-22,Dhaka,373,29.6,82,0,320
29-09-22,Dhaka,367,29.9,80,0,373
30-09-22,Dhaka,150,31.1,74,0,367
01-10-22,Dhaka,518,30.6,76,0,150
02-10-22,Dhaka,360,27.7,87,2,518
03-10-22,Dhaka,352,27.2,89,12,360
04-10-22,Dhaka,348,28.9,79,15,352
05-10-22,Dhaka,270,29.6,73,0,348
06-10-22,Dhaka,417,28.9,77,0,270
07-10-22,Dhaka,192,29.6,74,0,417
08-10-22,Dhaka,499,31.1,68,0,192
09-10-22,Dhaka,241,30.2,75,0,499
10-10-22,Dhaka,407,29.7,74,0,241
11-10-22,Dhaka,462,29.4,76,5,407
12-10-22,Dhaka,415,27.1,85,0,462
13-10-22,Dhaka,497,28.5,77,2,415
14-10-22,Dhaka,197,29.3,85,0,497
15-10-22,Dhaka,468,29.6,60,0,197
16-10-22,Dhaka,523,29.5,61,0,468
17-10-22,Dhaka,523,29.5,67,0,523
18-10-22,Dhaka,528,29,76,0,523
19-10-22,Dhaka,565,29.1,62,0,528
20-10-22,Dhaka,537,29.4,61,0,565
21-10-22,Dhaka,304,29.5,66,0,537
22-10-22,Dhaka,520,29.7,62,0,304
23-10-22,Dhaka,589,27.9,78,0,520
24-10-22,Dhaka,575,21.9,97,5,589
25-10-22,Dhaka,494,23.5,85,255,575
26-10-22,Dhaka,520,26.3,79,1,494
27-10-22,Dhaka,491,25.8,74,0,520
28-10-22,Dhaka,279,26.1,69,0,491
29-10-22,Dhaka,481,26.3,70,0,279
30-10-22,Dhaka,618,27.3,68,0,481
31-10-22,Dhaka,545,28.2,73,0,618
01-11-22,Dhaka,532,28.3,69,0,545
02-11-22,Dhaka,600,28.2,64,0,532
03-11-22,Dhaka,498,26,65,0,600
04-11-22,Dhaka,255,26.7,77,0,498
05-11-22,Dhaka,374,27.2,77,0,255
06-11-22,Dhaka,476,26.7,67,0,374
07-11-22,Dhaka,497,25.8,64,0,476
08-11-22,Dhaka,450,26.4,69,0,497
09-11-22,Dhaka,459,26.6,61,0,450
10-11-22,Dhaka,475,26,62,0,459
11-11-22,Dhaka,150,25.2,62,0,475
12-11-22,Dhaka,530,25.7,63,0,150
13-11-22,Dhaka,426,25.2,55,0,530
14-11-22,Dhaka,425,24.1,63,0,426
15-11-22,Dhaka,372,24.7,69,0,425
16-11-22,Dhaka,372,25.1,62,0,372
17-11-22,Dhaka,353,24.5,63,0,372
18-11-22,Dhaka,171,23.7,63,0,353
19-11-22,Dhaka,320,24,68,0,171
20-11-22,Dhaka,320,25.8,56,0,320
21-11-22,Dhaka,289,24.5,57,0,320
22-11-22,Dhaka,266,23.7,61,0,289
23-11-22,Dhaka,262,24.2,57,0,266
24-11-22,Dhaka,258,23.7,64,0,262
25-11-22,Dhaka,141,23.8,71,0,258
26-11-22,Dhaka,241,24.7,63,0,141
27-11-22,Dhaka,277,23.9,66,0,241
28-11-22,Dhaka,210,25.2,60,0,277
29-11-22,Dhaka,253,25.6,57,0,210
30-11-22,Dhaka,239,25.7,58,0,253
01-12-22,Dhaka,218,24.4,61,0,239
02-12-22,Dhaka,78,23.8,58,0,218
03-12-22,Dhaka,207,23.5,58,0,78
04-12-22,Dhaka,208,23,65,0,207
05-12-22,Dhaka,172,23.3,64,0,208
06-12-22,Dhaka,134,23.6,62,0,172
07-12-22,Dhaka,130,23.3,60,0,134
08-12-22,Dhaka,141,22.2,66,0,130
09-12-22,Dhaka,61,21.9,69,0,141
10-12-22,Dhaka,144,23.3,62,0,61
11-12-22,Dhaka,104,23.2,63,0,144
12-12-22,Dhaka,119,21.9,65,0,104
13-12-22,Dhaka,108,21.7,71,0,119
14-12-22,Dhaka,100,21.9,74,0,108
15-12-22,Dhaka,95,20.6,68,0,100
16-12-22,Dhaka,28,20.9,68,0,95
17-12-22,Dhaka,68,20.6,75,0,28
18-12-22,Dhaka,66,19.8,78,0,68
19-12-22,Dhaka,66,20.8,72,0,66
20-12-22,Dhaka,67,20.5,76,0,66
21-12-22,Dhaka,68,22,69,0,67
22-12-22,Dhaka,54,21.6,69,0,68
23-12-22,Dhaka,27,20.5,58,0,54
24-12-22,Dhaka,59,19.8,65,0,27
25-12-22,Dhaka,27,20.7,69,0,59
26-12-22,Dhaka,43,22.9,71,0,27
27-12-22,Dhaka,35,21,84,0,43
28-12-22,Dhaka,36,20,81,4,35
29-12-22,Dhaka,18,17.9,78,0,36
30-12-22,Dhaka,36,17.3,83,0,18
31-12-22,Dhaka,26,17.3,84,0,36
01-01-24,Dhaka,26,21.11,71,0,26
02-01-24,Dhaka,13,20.56,70,0,26
03-01-24,Dhaka,32,19.44,71,0,13
04-01-24,Dhaka,27,19.44,77,0,32
05-01-24,Dhaka,17,20,71,0,27
06-01-24,Dhaka,17,19.44,82,0,17
07-01-24,Dhaka,9,20.56,81,0,17
08-01-24,Dhaka,25,20,80,0,9
09-01-24,Dhaka,18,18.89,76,0,25
10-01-24,Dhaka,18,19.44,74,0,18
11-01-24,Dhaka,14,16.67,68,0,18
12-01-24,Dhaka,10,16.67,76,0,14
13-01-24,Dhaka,11,17.22,77,0,10
14-01-24,Dhaka,14,18.33,79,0,11
15-01-24,Dhaka,13,18.33,74,0,14
16-01-24,Dhaka,11,17.78,67,0,13
17-01-24,Dhaka,3,14.44,66,0,11
18-01-24,Dhaka,9,15.56,71,0,3
19-01-24,Dhaka,5,17.78,68,0,9
20-01-24,Dhaka,6,18.33,67,0,5
21-01-24,Dhaka,8,16.67,65,0,6
22-01-24,Dhaka,4,15.56,67,0,8
23-01-24,Dhaka,7,16.67,67,0,4
24-01-24,Dhaka,7,16.67,67,0,7
25-01-24,Dhaka,5,17.22,69,0,7
26-01-24,Dhaka,6,19.44,72,0,5
27-01-24,Dhaka,5,17.22,65,0,6
28-01-24,Dhaka,2,17.22,68,0,5
29-01-24,Dhaka,6,17.78,71,0,2
30-01-24,Dhaka,1,18.33,73,0,6
31-01-24,Dhaka,9,18.89,64,0,1
01-02-24,Dhaka,4,20,59,0,9
02-02-24,Dhaka,5,19.44,59,0,4
03-02-24,Dhaka,6,19.44,66,0,5
04-02-24,Dhaka,9,18.89,72,0,6
05-02-21,Dhaka,6,20.56,64,2,9
06-02-24,Dhaka,5,20.56,70,1,6
07-02-21,Dhaka,6,19.44,81,0,5
08-02-24,Dhaka,9,17.22,75,0,6
09-02-24,Dhaka,2,18.89,78,0,9
10-02-24,Dhaka,6,19.44,78,0,2
11-02-24,Dhaka,5,21.11,72,0,6
12-02-24,Dhaka,3,21.11,67,0,5
13-02-24,Dhaka,5,21.11,59,0,3
14-02-24,Dhaka,1,21.67,60,0,5
15-02-24,Dhaka,1,23.33,62,0,1
16-02-24,Dhaka,2,23.33,62,0,1
17-02-24,Dhaka,5,21.67,64,0,2
18-02-24,Dhaka,3,20.56,62,0,5
19-02-24,Dhaka,6,21.11,63,0,3
20-02-24,Dhaka,0,21.11,66,0,6
21-02-24,Dhaka,2,22.22,65,0,0
22-02-24,Dhaka,4,21.11,65,0,2
23-02-24,Dhaka,1,20.56,64,19,4
24-02-24,Dhaka,4,22.22,62,6,1
25-02-24,Dhaka,2,20,57,30,4
26-02-24,Dhaka,4,20.56,57,0,2
27-02-24,Dhaka,8,21.67,57,0,4
28-02-24,Dhaka,3,21.67,54,0,8
01-03-24,Dhaka,1,22.78,51,0,3
02-03-24,Dhaka,4,22.78,51,0,1
03-03-24,Dhaka,3,23.33,53,0,4
04-03-24,Dhaka,4,22.78,57,0,3
05-03-24,Dhaka,3,23.33,59,0,4
06-03-24,Dhaka,4,22.78,62,0,3
07-03-24,Dhaka,6,22.22,63,0,4
08-03-24,Dhaka,7,22.22,64,0,6
09-03-24,Dhaka,7,22.78,61,0,7
10-03-24,Dhaka,4,23.33,64,0,7
11-03-24,Dhaka,5,23.89,67,0,4
12-03-24,Dhaka,5,25,62,0,5
13-03-24,Dhaka,4,25.56,61,0,5
14-03-24,Dhaka,1,25.56,64,0,4
15-03-24,Dhaka,1,26.11,66,0,1
16-03-24,Dhaka,5,25.56,65,0,1
17-03-24,Dhaka,0,26.67,65,0,5
18-03-24,Dhaka,7,26.67,62,0,0
19-03-24,Dhaka,6,26.67,68,0,7
20-03-24,Dhaka,3,25,65,0,6
21-03-24,Dhaka,3,21.67,67,0,3
22-03-24,Dhaka,4,22.22,67,0,3
23-03-24,Dhaka,4,22.78,65,3,4
24-03-24,Dhaka,2,23.89,69,0,4
25-03-24,Dhaka,3,26.11,70,13,2
26-03-24,Dhaka,1,23.33,68,1,3
27-03-24,Dhaka,3,27.78,66,38,1
28-03-24,Dhaka,2,27,65,1,3
29-03-24,Dhaka,3,27.4,69,2,2
30-03-24,Dhaka,11,23.4,67,1,3
31-03-24,Dhaka,7,25.2,65,1,11
01-04-24,Dhaka,3,26.3,67,0,7
02-04-24,Dhaka,6,25.8,63,0,3
03-04-24,Dhaka,1,26.67,56,62,6
04-04-24,Dhaka,1,27.22,62,0,1
05-04-24,Dhaka,1,26.67,69,0,1
06-04-24,Dhaka,5,27.78,70,0,1
07-04-24,Dhaka,4,28.89,73,1,5
08-04-24,Dhaka,3,28.89,69,1,4
09-04-24,Dhaka,2,28.89,64,0,3
10-04-24,Dhaka,0,28.33,69,18,2
11-04-24,Dhaka,0,28.33,66,22,0
12-04-24,Dhaka,2,27.22,68,0,0
13-04-24,Dhaka,7,27.78,66,0,2
14-04-24,Dhaka,5,25.56,68,0,7
15-04-24,Dhaka,8,27.78,69,0,5
16-04-24,Dhaka,5,26.67,67,0,8
17-04-24,Dhaka,6,27.22,72,0,5
18-04-24,Dhaka,6,28.89,71,6,6
19-04-24,Dhaka,9,28.33,70,8,6
20-04-24,Dhaka,12,28.89,73,0,9
21-04-24,Dhaka,17,27.22,70,1,12
22-04-21,Dhaka,6,27.22,70,0,17
23-04-24,Dhaka,4,26.11,69,55,6
24-04-24,Dhaka,13,27.7,66,0,4
25-04-24,Dhaka,4,27.2,64,0,13
26-04-24,Dhaka,3,27.2,61,0,4
27-04-24,Dhaka,9,30.9,65,0,3
28-04-24,Dhaka,11,29.8,61,72,9
29-04-24,Dhaka,3,28.2,66,26,11
30-04-24,Dhaka,6,29.8,60,2,3
01-05-24,Dhaka,1,26.6,59,0,6
02-05-24,Dhaka,6,25.56,61,0,1
03-05-24,Dhaka,3,28.33,73,29,6
04-05-24,Dhaka,8,27.78,66,1,3
05-05-24,Dhaka,6,23.89,66,0,8
06-05-24,Dhaka,13,21.11,78,3,6
07-05-24,Dhaka,6,27.78,74,2,13
08-05-24,Dhaka,5,26.11,66,63,6
09-05-24,Dhaka,11,28.33,74,0,5
10-05-24,Dhaka,2,26.11,82,2,11
11-05-24,Dhaka,9,25.56,70,0,2
12-05-24,Dhaka,5,28.89,78,23,9
13-05-24,Dhaka,7,29.44,76,21,5
14-05-24,Dhaka,10,31.11,74,0,7
15-05-24,Dhaka,11,30.56,75,0,10
16-05-24,Dhaka,14,31.67,76,0,11
17-05-24,Dhaka,6,30,76,1,14
18-05-24,Dhaka,7,25.56,75,0,6
19-05-24,Dhaka,8,27.22,72,84,7
20-05-24,Dhaka,10,28.89,73,26,8
21-05-24,Dhaka,6,30.56,73,13,10
22-05-24,Dhaka,7,30.56,73,1,6
23-05-24,Dhaka,5,31.67,70,0,7
24-05-24,Dhaka,5,31.67,68,0,5
25-05-24,Dhaka,9,32.22,69,0,5
26-05-24,Dhaka,4,30.56,70,0,9
27-05-24,Dhaka,10,26.11,63,1,4
28-05-24,Dhaka,2,26.11,63,16,10
29-05-24,Dhaka,6,25,61,169,2
30-05-24,Dhaka,12,24.44,64,204,6
31-05-24,Dhaka,7,27.78,63,35,12
01-06-24,Dhaka,9,26.6,63,1,7
02-06-24,Dhaka,7,26.5,59,1,9
03-06-24,Dhaka,15,25.56,70,66,7
04-06-24,Dhaka,10,25.56,59,5,15
05-06-24,Dhaka,10,26.67,74,52,10
06-06-24,Dhaka,10,27.22,79,103,10
07-06-24,Dhaka,3,29.44,80,56,10
08-06-24,Dhaka,8,28.33,84,1,3
09-06-24,Dhaka,7,26.11,85,0,8
10-06-24,Dhaka,16,26.67,81,249,7
11-06-24,Dhaka,7,29.44,82,10,16
12-06-24,Dhaka,16,29.44,84,181,7
13-06-24,Dhaka,12,25,83,0,16
14-06-24,Dhaka,8,26.67,83,51,12
15-06-24,Dhaka,8,25.56,83,203,8
16-06-24,Dhaka,1,25,82,61,8
17-06-24,Dhaka,0,25,86,62,1
18-06-24,Dhaka,2,23.89,84,88,0
19-06-24,Dhaka,23,23.89,82,182,2
20-06-24,Dhaka,9,26.67,79,144,23
21-06-24,Dhaka,11,28.89,78,116,9
22-06-24,Dhaka,7,28.33,76,20,11
23-06-24,Dhaka,13,29.44,74,0,7
24-06-24,Dhaka,16,28.89,71,2,13
25-06-24,Dhaka,16,28.89,73,0,16
26-06-24,Dhaka,17,30,74,57,16
27-06-24,Dhaka,18,28.33,74,9,17
28-06-24,Dhaka,7,28.33,73,38,18
29-06-24,Dhaka,30,27.78,74,32,7
30-06-24,Dhaka,12,27.78,75,10,30
01-07-24,Dhaka,17,26.67,70,21,12
02-07-24,Dhaka,19,27.22,66,40,17
03-07-24,Dhaka,17,27.78,73,265,19
04-07-24,Dhaka,12,27.78,65,56,17
05-07-24,Dhaka,13,27.22,70,21,12
06-07-24,Dhaka,19,28.33,77,25,13
07-07-24,Dhaka,33,29.44,82,21.082,19
08-07-24,Dhaka,26,27.78,83,6,33
09-07-24,Dhaka,28,28.89,84,9,26
10-07-24,Dhaka,31,27.22,80,34,28
11-07-24,Dhaka,45,28.33,74,48,31
12-07-24,Dhaka,13,26.67,84,111,45
13-07-24,Dhaka,57,28.89,83,13,13
14-07-24,Dhaka,47,30,82,100,57
15-07-24,Dhaka,55,30.56,84,13,47
16-07-24,Dhaka,52,30.56,79,7,55
17-07-24,Dhaka,20,30.56,78,22,52
18-07-24,Dhaka,27,33.3,78,19,20
19-07-24,Dhaka,61,30.7,77,15,27
20-07-24,Dhaka,76,30.2,78,2,61
21-07-24,Dhaka,80,29,74,0,76
22-07-24,Dhaka,80,28.3,73,2,80
23-07-24,Dhaka,78,30.56,72,1,80
24-07-24,Dhaka,82,32.22,75,0,78
25-07-24,Dhaka,164,33.33,72,0,82
26-07-24,Dhaka,30,32.78,76,5,164
27-07-24,Dhaka,74,32.78,71,2,30
28-07-24,Dhaka,87,28.8,71,2,74
29-07-24,Dhaka,112,28.4,67,0,87
30-07-24,Dhaka,97,28.3,67,0,112
31-07-24,Dhaka,90,27.1,68,7,97
01-08-24,Dhaka,93,27.22,72,0,90
02-08-24,Dhaka,38,26.11,67,94,93
03-08-24,Dhaka,118,27.78,78,22,38
04-08-24,Dhaka,78,26.67,75,25,118
05-08-24,Dhaka,34,26.67,70,40,78
06-08-24,Dhaka,38,28.33,83,16,34
07-08-24,Dhaka,60,28.33,79,61,38
08-08-24,Dhaka,93,27.22,80,17,60
09-08-24,Dhaka,20,27.22,81,5,93
10-08-24,Dhaka,131,28.33,84,11,20
11-08-24,Dhaka,99,26.67,78,18,131
12-08-24,Dhaka,112,28.89,88,5,99
13-08-24,Dhaka,100,30.56,88,4,112
14-08-24,Dhaka,88,28.89,88,38,100
15-08-24,Dhaka,106,27.78,86,4,88
16-08-24,Dhaka,38,27.22,80,4,106
17-08-24,Dhaka,132,29.44,79,54,38
18-08-24,Dhaka,120,26.11,79,19,132
19-08-24,Dhaka,97,25.56,77,5,120
20-08-24,Dhaka,95,25.56,76,3,97
21-08-24,Dhaka,114,26.67,78,153,95
22-08-24,Dhaka,102,29.44,79,88,114
23-08-24,Dhaka,47,28.33,80,41,102
24-08-24,Dhaka,158,28.33,78,9,47
25-08-24,Dhaka,127,29.44,76,3,158
26-08-24,Dhaka,64,29.44,74,32,127
27-08-24,Dhaka,187,30,74,9,64
28-08-24,Dhaka,120,30,74,4,187
29-08-24,Dhaka,161,30,68,0,120
30-08-24,Dhaka,68,28.89,71,0,161
31-08-24,Dhaka,200,29.6,70,0,68
01-09-24,Dhaka,162,27.78,70,0,200
02-09-24,Dhaka,129,30,62,29,162
03-09-24,Dhaka,113,29.44,70,3,129
04-09-24,Dhaka,143,28.89,67,6,113
05-09-24,Dhaka,165,29.44,73,1,143
06-09-24,Dhaka,72,30.56,80,24,165
07-09-24,Dhaka,257,30.56,80,0,72
08-09-24,Dhaka,208,30.56,80,0,257
09-09-24,Dhaka,323,30,79,0,208
10-09-24,Dhaka,205,30.56,81,0,323
11-09-24,Dhaka,188,30.56,79,2,205
12-09-24,Dhaka,304,32.22,87,0,188
13-09-24,Dhaka,103,31.67,88,4,304
14-09-24,Dhaka,359,30,87,0,103
15-09-24,Dhaka,247,27.78,83,0,359
16-09-24,Dhaka,206,29.44,83,0,247
17-09-24,Dhaka,367,31.11,82,0,206
18-09-24,Dhaka,401,31.67,86,0,367
19-09-24,Dhaka,362,31.67,81,0,401
20-09-24,Dhaka,169,32.78,80,0,362
21-09-24,Dhaka,395,27.78,78,5,169
22-09-24,Dhaka,326,30.56,78,0,395
23-09-24,Dhaka,327,32.22,76,14,326
24-09-24,Dhaka,279,29.44,75,0,327
25-09-24,Dhaka,365,26.11,76,0,279
26-09-24,Dhaka,363,26.67,76,15,365
27-09-24,Dhaka,166,28.33,71,50,363
28-09-24,Dhaka,387,27.78,72,4,166
29-09-24,Dhaka,453,26.67,70,2,387
30-09-24,Dhaka,449,28.89,68,31,453
01-10-24,Dhaka,461,26.67,68,123,449
02-10-24,Dhaka,391,29.44,67,68,461
03-10-24,Dhaka,423,26.67,74,102,391
04-10-24,Dhaka,164,26.11,72,0,423
05-10-24,Dhaka,441,25.56,70,7,164
06-10-24,Dhaka,465,27.78,78,99,441
07-10-24,Dhaka,445,27.22,79,83,465
08-10-24,Dhaka,392,25.56,79,1,445
09-10-24,Dhaka,441,26.67,82,0,392
10-10-24,Dhaka,260,27.22,78,7,441
11-10-24,Dhaka,225,25.56,74,2,260
12-10-24,Dhaka,343,27.22,86,17,225
13-10-24,Dhaka,342,26.67,82,7,343
14-10-24,Dhaka,517,27.78,85,5,342
15-10-24,Dhaka,349,26.67,79,0,517
16-10-24,Dhaka,269,27.22,80,0,349
17-10-24,Dhaka,419,26.11,78,0,269
18-10-24,Dhaka,210,26.11,79,0,419
19-10-24,Dhaka,470,26.11,73,1,210
20-10-24,Dhaka,477,27.78,72,3,470
21-10-24,Dhaka,403,28.33,76,10,477
22-10-24,Dhaka,417,29.44,77,0,403
23-10-24,Dhaka,457,26.11,79,0,417
24-10-24,Dhaka,399,25,81,0,457
25-10-24,Dhaka,228,27.22,77,4,399
26-10-24,Dhaka,401,27.22,73,4,228
27-10-24,Dhaka,461,27.22,69,0,401
28-10-24,Dhaka,421,27.78,67,0,461
29-10-24,Dhaka,503,28.33,69,0,421
30-10-24,Dhaka,415,26.67,67,0,503
31-10-24,Dhaka,497,26.67,67,0,415
01-11-24,Dhaka,176,26.67,64,10,497
02-11-24,Dhaka,474,25.56,62,1,176
03-11-24,Dhaka,440,26.67,62,0,474
04-11-24,Dhaka,430,27.22,67,0,440
05-11-24,Dhaka,525,26.11,72,0,430
06-11-24,Dhaka,400,24.44,78,0,525
07-11-24,Dhaka,422,25.56,76,3,400
08-11-24,Dhaka,242,25,75,0,422
09-11-24,Dhaka,409,25,70,0,242
10-11-24,Dhaka,443,25,74,0,409
11-11-24,Dhaka,441,25.56,68,0,443
12-11-24,Dhaka,430,25.56,72,0,441
13-11-24,Dhaka,396,25,68,0,430
14-11-24,Dhaka,415,25.56,68,0,396
15-11-24,Dhaka,207,24.44,76,0,415
16-11-24,Dhaka,404,24.44,76,0,207
17-11-24,Dhaka,376,24.44,72,0,404
18-11-24,Dhaka,380,23.1,72,0,376
19-11-24,Dhaka,405,23,71,0,380
20-11-24,Dhaka,371,22.5,68,0,405
21-11-24,Dhaka,358,22.2,64,0,371
22-11-24,Dhaka,181,22.78,66,0,358
23-11-24,Dhaka,391,21.11,65,0,181
24-11-24,Dhaka,337,21.67,66,0,391
25-11-24,Dhaka,333,22.22,67,0,337
26-11-24,Dhaka,345,22.22,65,0,333
27-11-24,Dhaka,306,22.22,65,0,345
28-11-24,Dhaka,300,22.78,65,0,306
29-11-24,Dhaka,177,23.89,62,0,300
30-11-24,Dhaka,319,24.44,60,0,177
01-12-24,Dhaka,276,20,61,0,319
02-12-24,Dhaka,269,23.33,59,0,276
03-12-24,Dhaka,243,23.33,59,0,269
04-12-24,Dhaka,225,21.67,63,0,243
05-12-24,Dhaka,208,21.11,63,0,225
06-12-24,Dhaka,109,20.56,79,0,208
07-12-24,Dhaka,268,19.44,78,0,109
08-12-24,Dhaka,240,19.44,76,0,268
09-12-24,Dhaka,200,21.11,79,0,240
10-12-24,Dhaka,176,20,79,0,200
11-12-24,Dhaka,169,19.44,73,0,176
12-12-24,Dhaka,154,19.44,76,0,169
13-12-24,Dhaka,87,18.89,75,0,154
14-12-24,Dhaka,161,18.33,76,0,87
15-12-24,Dhaka,132,18.89,75,0,161
16-12-24,Dhaka,44,21.67,73,0,132
17-12-24,Dhaka,121,21.7,75,0,44
18-12-24,Dhaka,84,22,75,0,121
19-12-24,Dhaka,70,22.2,74,1,84
20-12-24,Dhaka,35,22.6,75,0,70
21-12-24,Dhaka,70,20.3,74,0,35
22-12-24,Dhaka,49,20.3,74,0,70
23-12-24,Dhaka,70,22.6,71,0,49
24-12-24,Dhaka,65,18.8,72,0,70
25-12-24,Dhaka,24,18.9,74,0,65
26-12-24,Dhaka,42,17.5,73,0,24
27-12-24,Dhaka,25,17.6,75,0,42
28-12-24,Dhaka,43,17,75,0,25
29-12-24,Dhaka,46,19,72,0,43
30-12-24,Dhaka,40,15.2,76,0,46
31-12-24,Dhaka,30,14,73,0,40
01-01-20,Dhaka,9,20.1,70,0,30
02-01-20,Dhaka,10,21.7,73,0,9
03-01-20,Dhaka,17,18.7,89,2,10
04-01-20,Dhaka,22,19.2,84,18,17
05-01-20,Dhaka,20,18.8,82,0,22
06-01-20,Dhaka,22,16.9,75,0,20
07-01-20,Dhaka,24,14.3,88,0,22
08-01-20,Dhaka,30,17.1,83,0,24
09-01-20,Dhaka,31,18.7,79,0,30
10-01-20,Dhaka,33,19,77,0,31
11-01-20,Dhaka,36,15.3,91,0,33
12-01-20,Dhaka,35,14.5,93,0,36
13-01-20,Dhaka,39,16.6,85,0,35
14-01-20,Dhaka,40,17.6,89,0,39
15-01-20,Dhaka,41,18.9,82,0,40
16-01-20,Dhaka,41,19.8,80,0,41
17-01-20,Dhaka,12,21,74,0,41
18-01-20,Dhaka,16,21.8,73,0,12
19-01-20,Dhaka,5,21.5,75,0,16
20-01-20,Dhaka,9,18.3,68,0,5
21-01-20,Dhaka,18,18,66,0,9
22-01-20,Dhaka,7,18.3,65,0,18
23-01-20,Dhaka,8,18.2,68,0,7
24-01-20,Dhaka,8,18.3,62,0,8
25-01-20,Dhaka,6,17.9,62,0,8
26-01-20,Dhaka,5,17.9,63,0,6
27-01-20,Dhaka,9,17.1,71,0,5
28-01-20,Dhaka,2,18.1,74,0,9
29-01-20,Dhaka,6,18.5,84,0,2
30-01-20,Dhaka,0,20.5,79,1,6
31-01-20,Dhaka,4,19.6,71,0,0
01-02-20,Dhaka,4,19.5,59,0,4
02-02-20,Dhaka,12,18.2,54,0,4
03-02-20,Dhaka,17,18.4,49,0,12
04-02-20,Dhaka,27,20,53,0,17
05-02-20,Dhaka,20,20,54,0,27
06-02-20,Dhaka,5,20.4,47,0,20
07-02-20,Dhaka,6,20.5,49,0,5
08-02-20,Dhaka,11,20.3,56,0,6
09-02-20,Dhaka,2,21.2,54,0,11
10-02-20,Dhaka,6,20.7,50,0,2
11-02-20,Dhaka,5,21.1,51,0,6
12-02-20,Dhaka,3,21,50,0,5
13-02-20,Dhaka,7,19.9,56,0,3
14-02-20,Dhaka,1,21.1,64,0,7
15-02-20,Dhaka,1,22.8,73,0,1
16-02-20,Dhaka,2,22.1,65,0,1
17-02-20,Dhaka,5,22.9,61,0,2
18-02-20,Dhaka,3,22.2,68,0,5
19-02-20,Dhaka,16,22.9,59,0,3
20-02-20,Dhaka,4,23.1,67,0,16
21-02-20,Dhaka,0,22.9,65,0,4
22-02-20,Dhaka,0,23.8,59,0,0
23-02-20,Dhaka,1,24.9,60,0,0
24-02-20,Dhaka,4,23.3,73,0,1
25-02-20,Dhaka,2,20.9,79,0,4
26-02-20,Dhaka,8,21.5,73,1,2
27-02-20,Dhaka,4,22,69,0,8
28-02-20,Dhaka,3,23.3,53,0,4
29-02-20,Dhaka,12,24.4,53,0,3
01-03-20,Dhaka,4,25.6,54,0,12
02-03-20,Dhaka,3,25.2,64,0,4
03-03-20,Dhaka,3,23.8,62,0,3
04-03-20,Dhaka,4,24.3,67,14,3
05-03-20,Dhaka,6,24.9,66,12,4
06-03-20,Dhaka,7,24.6,72,0,6
07-03-20,Dhaka,7,22.7,78,0,7
08-03-20,Dhaka,4,24,75,0,7
09-03-20,Dhaka,6,23.9,57,1,4
10-03-20,Dhaka,9,23.9,53,0,6
11-03-20,Dhaka,1,26,51,0,9
12-03-20,Dhaka,2,27.3,59,0,1
13-03-20,Dhaka,0,28.6,54,0,2
14-03-20,Dhaka,0,26.2,60,0,0
15-03-20,Dhaka,1,26,61,0,0
16-03-20,Dhaka,1,26.8,53,0,1
17-03-20,Dhaka,3,26.5,50,0,1
18-03-20,Dhaka,4,26.9,51,0,3
19-03-20,Dhaka,4,26.8,51,0,4
20-03-20,Dhaka,5,26.2,65,0,4
21-03-20,Dhaka,2,27.3,52,3,5
22-03-20,Dhaka,0,24.8,60,0,2
23-03-20,Dhaka,0,25.3,64,0,0
24-03-20,Dhaka,0,26.7,59,0,0
25-03-20,Dhaka,4,27.5,59,0,0
26-03-20,Dhaka,6,28.8,58,0,4
27-03-20,Dhaka,7,29.9,52,0,6
28-03-20,Dhaka,14,31.1,49,0,7
29-03-20,Dhaka,8,29.7,40,0,14
30-03-20,Dhaka,0,28.8,39,0,8
31-03-20,Dhaka,0,28.8,43,0,0
01-04-20,Dhaka,1,30,50,0,0
02-04-20,Dhaka,2,28.8,66,0,1
03-04-20,Dhaka,5,28.3,67,2,2
04-04-20,Dhaka,7,29.2,65,0,5
05-04-20,Dhaka,8,28.9,70,0,7
06-04-20,Dhaka,8,29.9,57,0,8
07-04-20,Dhaka,8,31.2,60,0,8
08-04-20,Dhaka,7,28.1,83,0,8
09-04-20,Dhaka,6,30.2,60,0,7
10-04-20,Dhaka,6,30.8,60,0,6
11-04-20,Dhaka,7,28.4,64,0,6
12-04-20,Dhaka,7,25.6,70,2,7
13-04-20,Dhaka,9,29.9,65,0,7
14-04-20,Dhaka,8,31.1,70,0,9
15-04-20,Dhaka,6,26.5,77,0,8
16-04-20,Dhaka,8,28.7,67,3,6
17-04-20,Dhaka,8,28.2,77,0,8
18-04-20,Dhaka,0,28.9,78,0,8
19-04-20,Dhaka,0,28.7,69,5,0
20-04-20,Dhaka,6,27,76,3,0
21-04-20,Dhaka,14,26.4,74,0,6
22-04-20,Dhaka,12,27.8,70,1,14
23-04-20,Dhaka,5,25.7,83,0,12
24-04-20,Dhaka,11,24.6,89,47,5
25-04-20,Dhaka,23,25.8,86,20,11
26-04-20,Dhaka,22,24,89,0,23
27-04-20,Dhaka,20,27.1,78,40,22
28-04-20,Dhaka,21,24.7,90,0,20
29-04-20,Dhaka,32,27.1,79,4,21
30-04-20,Dhaka,23,26,87,0,32
01-05-20,Dhaka,16,25.3,90,1,23
02-05-20,Dhaka,19,25.5,89,12,16
03-05-20,Dhaka,15,27.7,78,10,19
04-05-20,Dhaka,16,29.5,77,0,15
05-05-20,Dhaka,19,29.9,76,0,16
06-05-20,Dhaka,16,26.1,86,0,19
07-05-20,Dhaka,16,26.8,80,18,16
08-05-20,Dhaka,34,27.7,79,15,16
09-05-20,Dhaka,25,29.2,74,12,34
10-05-20,Dhaka,28,29.3,71,0,25
11-05-20,Dhaka,22,29.4,75,4,28
12-05-20,Dhaka,18,31.4,64,0,22
13-05-20,Dhaka,24,28.4,80,0,18
14-05-20,Dhaka,21,29.5,78,19,24
15-05-20,Dhaka,37,29,83,1,21
16-05-20,Dhaka,40,31,80,5,37
17-05-20,Dhaka,44,31.3,77,0,40
18-05-20,Dhaka,28,32.4,64,0,44
19-05-20,Dhaka,33,29.3,84,0,28
20-05-20,Dhaka,30,27.2,91,7,33
21-05-20,Dhaka,27,27.5,87,74,30
22-05-20,Dhaka,27,28.5,87,1,27
23-05-20,Dhaka,22,30.6,81,0,27
24-05-20,Dhaka,25,30.3,82,0,22
25-05-20,Dhaka,32,30.4,79,0,25
26-05-20,Dhaka,23,29.2,84,0,32
27-05-20,Dhaka,48,23.7,94,63,23
28-05-20,Dhaka,40,27.1,82,56,48
29-05-20,Dhaka,37,28,85,0,40
30-05-20,Dhaka,25,28.3,85,0,37
31-05-20,Dhaka,52,30.2,74,3,25
01-06-20,Dhaka,38,30.3,68,0,52
02-06-20,Dhaka,36,31.2,70,1,38
03-06-20,Dhaka,48,28.5,82,0,36
04-06-20,Dhaka,58,27.8,87,22,48
05-06-20,Dhaka,56,29.6,81,40,58
06-06-20,Dhaka,57,29,83,10,56
07-06-20,Dhaka,19,31.2,71,2,57
08-06-20,Dhaka,9,29.5,80,0,19
09-06-20,Dhaka,12,31.5,73,3,9
10-06-20,Dhaka,47,29.9,78,5,12
11-06-20,Dhaka,46,28.4,88,2,47
12-06-20,Dhaka,48,28.6,86,3,46
13-06-20,Dhaka,37,27.5,95,13,48
14-06-20,Dhaka,61,29.9,81,22,37
15-06-20,Dhaka,43,30.3,80,5,61
16-06-20,Dhaka,52,29.6,81,0,43
17-06-20,Dhaka,51,27.9,93,4,52
18-06-20,Dhaka,45,27.8,90,24,51
19-06-20,Dhaka,63,28.3,89,6,45
20-06-20,Dhaka,59,29.9,80,89,63
21-06-20,Dhaka,41,28.5,86,1,59
22-06-20,Dhaka,70,29.8,81,5,41
23-06-20,Dhaka,66,30.5,80,0,70
24-06-20,Dhaka,47,31.4,78,0,66
25-06-20,Dhaka,81,31.3,75,0,47
26-06-20,Dhaka,65,30.7,78,0,81
27-06-20,Dhaka,65,29.8,82,0,65
28-06-20,Dhaka,55,28.1,89,0,65
29-06-20,Dhaka,79,29.2,82,14,55
30-06-20,Dhaka,64,30,82,0,79
01-07-20,Dhaka,73,31.7,74,0,64
02-07-20,Dhaka,58,31.2,78,0,73
03-07-20,Dhaka,66,31.5,74,0,58
04-07-20,Dhaka,74,29.2,87,0,66
05-07-20,Dhaka,47,28.9,87,24,74
06-07-20,Dhaka,84,29.3,86,13,47
07-07-20,Dhaka,80,29.7,86,4,84
08-07-20,Dhaka,66,30.5,82,1,80
09-07-20,Dhaka,57,30,86,0,66
10-07-20,Dhaka,80,30.5,83,22,57
11-07-20,Dhaka,80,27.8,93,0,80
12-07-20,Dhaka,57,27.4,93,30,80
13-07-20,Dhaka,96,29.8,84,24,57
14-07-20,Dhaka,77,28.5,87,0,96
15-07-20,Dhaka,76,29.2,84,4,77
16-07-20,Dhaka,115,30.3,80,0,76
17-07-20,Dhaka,84,29.5,86,0,115
18-07-20,Dhaka,88,29.9,84,10,84
19-07-20,Dhaka,53,29.4,85,20,88
20-07-20,Dhaka,104,27.5,95,19,53
21-07-20,Dhaka,123,27.1,95,87,104
22-07-20,Dhaka,129,27.8,92,43,123
23-07-20,Dhaka,114,29.3,84,46,129
24-07-20,Dhaka,132,28.6,86,0,114
25-07-20,Dhaka,141,30.3,79,0,132
26-07-20,Dhaka,74,31.1,80,0,141
27-07-20,Dhaka,116,29.4,87,0,74
28-07-20,Dhaka,151,28.8,90,0,116
29-07-20,Dhaka,156,27.8,93,42,151
30-07-20,Dhaka,203,30.4,82,15,156
31-07-20,Dhaka,210,30.5,81,0,203
01-08-20,Dhaka,150,31,82,0,210
02-08-20,Dhaka,78,30.2,89,20,150
03-08-20,Dhaka,211,31.8,79,18,78
04-08-20,Dhaka,165,29.9,88,10,211
05-08-20,Dhaka,164,30.8,77,26,165
06-08-20,Dhaka,231,29.7,86,2,164
07-08-20,Dhaka,203,30.1,85,7,231
08-08-20,Dhaka,211,30.6,81,5,203
09-08-20,Dhaka,147,30.1,83,0,211
10-08-20,Dhaka,251,30.5,80,4,147
11-08-20,Dhaka,246,31,81,0,251
12-08-20,Dhaka,235,30.2,83,0,246
13-08-20,Dhaka,245,31,76,16,235
14-08-20,Dhaka,271,30.7,77,0,245
15-08-20,Dhaka,301,28.1,89,1,271
16-08-20,Dhaka,145,28,93,12,301
17-08-20,Dhaka,309,28.6,88,35,145
18-08-20,Dhaka,287,28.5,89,4,309
19-08-20,Dhaka,260,28.6,86,1,287
20-08-20,Dhaka,322,27,95,2,260
21-08-20,Dhaka,335,27.3,95,18,322
22-08-20,Dhaka,313,27.2,97,23,335
23-08-20,Dhaka,99,27.7,96,29,313
24-08-20,Dhaka,332,29.9,86,23,99
25-08-20,Dhaka,316,29.3,81,4,332
26-08-20,Dhaka,335,28.7,76,1,316
27-08-20,Dhaka,327,28.8,83,0,335
28-08-20,Dhaka,380,29.3,83,11,327
29-08-20,Dhaka,374,29.6,80,12,380
30-08-20,Dhaka,157,30.9,79,1,374
31-08-20,Dhaka,525,30.6,81,0,157
01-09-20,Dhaka,367,27.6,92,0,525
02-09-20,Dhaka,359,29.8,78,29,367
03-09-20,Dhaka,355,31,74,0,359
04-09-20,Dhaka,277,31.3,75,0,355
05-09-20,Dhaka,424,31.5,73,0,277
06-09-20,Dhaka,199,31.5,71,0,424
07-09-20,Dhaka,506,29.2,79,0,199
08-09-20,Dhaka,248,29.6,82,0,506
09-09-20,Dhaka,414,29.7,83,0,248
10-09-20,Dhaka,469,28.9,86,16,414
11-09-20,Dhaka,422,29.8,79,2,469
12-09-20,Dhaka,504,30.3,79,8,422
13-09-20,Dhaka,204,29.3,85,0,504
14-09-20,Dhaka,475,29.3,83,9,204
15-09-20,Dhaka,530,29.5,81,0,475
16-09-20,Dhaka,530,29.7,81,0,530
17-09-20,Dhaka,535,29.5,82,0,530
18-09-20,Dhaka,572,29.8,83,2,535
19-09-20,Dhaka,544,32.1,69,3,572
20-09-20,Dhaka,311,30.3,79,0,544
21-09-20,Dhaka,527,29.4,82,6,311
22-09-20,Dhaka,596,28.8,87,2,527
23-09-20,Dhaka,582,28,88,1,596
24-09-20,Dhaka,501,28.3,88,23,582
25-09-20,Dhaka,527,28.2,89,27,501
26-09-20,Dhaka,498,28.1,88,5,527
27-09-20,Dhaka,286,28.2,87,7,498
28-09-20,Dhaka,488,29.7,80,0,286
29-09-20,Dhaka,625,29.5,83,0,488
30-09-20,Dhaka,552,29.8,82,0,625
01-10-20,Dhaka,539,28.9,87,0,552
02-10-20,Dhaka,607,28.7,86,27,539
03-10-20,Dhaka,505,29.6,81,0,607
04-10-20,Dhaka,262,29.6,81,0,505
05-10-20,Dhaka,381,29.2,80,8,262
06-10-20,Dhaka,483,28.7,85,5,381
07-10-20,Dhaka,504,28.8,85,15,483
08-10-20,Dhaka,457,29.3,86,23,504
09-10-20,Dhaka,466,30.6,77,2,457
10-10-20,Dhaka,482,30.9,78,0,466
11-10-20,Dhaka,157,30.6,81,1,482
12-10-20,Dhaka,537,28.6,88,0,157
13-10-20,Dhaka,433,29.2,82,57,537
14-10-20,Dhaka,432,27.8,89,0,433
15-10-20,Dhaka,379,29.6,82,23,432
16-10-20,Dhaka,379,30.8,74,0,379
17-10-20,Dhaka,360,30.7,68,0,379
18-10-20,Dhaka,178,29.7,80,0,360
19-10-20,Dhaka,327,29.4,81,0,178
20-10-20,Dhaka,327,29.5,81,0,327
21-10-20,Dhaka,296,27.1,91,9,327
22-10-20,Dhaka,273,25.3,93,46,296
23-10-20,Dhaka,269,25.3,93,44,273
24-10-20,Dhaka,265,25.6,93,38,269
25-10-20,Dhaka,148,26.8,86,1,265
26-10-20,Dhaka,248,27.6,81,0,148
27-10-20,Dhaka,284,28.1,75,0,248
28-10-20,Dhaka,217,28.9,73,0,284
29-10-20,Dhaka,260,29.9,72,0,217
30-10-20,Dhaka,246,30.2,71,0,260
31-10-20,Dhaka,225,27.6,80,1,246
01-11-20,Dhaka,85,26.4,90,1,225
02-11-20,Dhaka,214,27.5,84,36,85
03-11-20,Dhaka,215,27.7,84,0,214
04-11-20,Dhaka,179,25.9,61,0,215
05-11-20,Dhaka,141,24.3,59,0,179
06-11-20,Dhaka,137,24,59,0,141
07-11-20,Dhaka,148,24.2,73,0,137
08-11-20,Dhaka,68,25.7,72,0,148
09-11-20,Dhaka,151,26,69,0,68
10-11-20,Dhaka,111,26.6,66,0,151
11-11-20,Dhaka,126,27,58,0,111
12-11-20,Dhaka,115,27,67,0,126
13-11-20,Dhaka,107,26.9,68,0,115
14-11-20,Dhaka,102,26.9,60,0,107
15-11-20,Dhaka,35,25.8,66,0,102
16-11-20,Dhaka,75,25.1,70,0,35
17-11-20,Dhaka,73,25.2,70,0,75
18-11-20,Dhaka,73,24.5,65,0,73
19-11-20,Dhaka,74,24.4,72,0,73
20-11-20,Dhaka,75,24.7,82,0,74
21-11-20,Dhaka,61,23.8,87,3,75
22-11-20,Dhaka,34,22.3,57,0,61
23-11-20,Dhaka,66,21.6,58,0,34
24-11-20,Dhaka,34,21.6,70,0,66
25-11-20,Dhaka,50,21.9,71,0,34
26-11-20,Dhaka,42,21.5,70,0,50
27-11-20,Dhaka,43,22.8,70,0,42
28-11-20,Dhaka,25,23.5,67,0,43
29-11-20,Dhaka,43,23.3,66,0,25
30-11-20,Dhaka,33,23,71,0,43
01-12-20,Dhaka,225,23.2,71,0,33
02-12-20,Dhaka,85,23.1,69,0,225
03-12-20,Dhaka,214,22.5,71,0,85
04-12-20,Dhaka,215,22,70,0,214
05-12-20,Dhaka,179,22,77,0,215
06-12-20,Dhaka,141,22.3,81,0,179
07-12-20,Dhaka,137,22.3,85,0,141
08-12-20,Dhaka,148,21.2,89,0,137
09-12-20,Dhaka,68,19.5,92,0,148
10-12-20,Dhaka,151,19.7,88,0,68
11-12-20,Dhaka,111,19,82,0,151
12-12-20,Dhaka,126,19.1,86,0,111
13-12-20,Dhaka,115,20.5,83,0,126
14-12-20,Dhaka,107,20.6,79,0,115
15-12-20,Dhaka,102,19.9,81,0,107
16-12-20,Dhaka,35,21.3,70,0,102
17-12-20,Dhaka,75,20.6,67,0,35
18-12-20,Dhaka,73,19,58,0,75
19-12-20,Dhaka,73,18.4,54,0,73
20-12-20,Dhaka,74,18.5,70,0,73
21-12-20,Dhaka,75,18.1,77,0,74
22-12-20,Dhaka,61,18.4,77,0,75
23-12-20,Dhaka,34,18.8,80,0,61
24-12-20,Dhaka,66,19.9,74,0,34
25-12-20,Dhaka,34,20.6,64,0,66
26-12-20,Dhaka,50,20,61,0,34
27-12-20,Dhaka,42,19.4,64,0,50
28-12-20,Dhaka,43,18.7,71,0,42
29-12-20,Dhaka,25,19.9,66,0,43
30-12-20,Dhaka,43,20.3,65,0,25
31-12-20,Dhaka,33,20,66,0,43
01-01-21,Dhaka,5,20.4,65,0,33
02-01-21,Dhaka,2,20.3,63,0,5
03-01-21,Dhaka,2,20.2,70,0,2
04-01-21,Dhaka,1,21.2,69,0,2
05-01-21,Dhaka,8,21.2,72,0,1
06-01-21,Dhaka,24,22.6,66,0,8
07-01-21,Dhaka,46,22.7,67,0,24
08-01-21,Dhaka,108,23,66,0,46
09-01-21,Dhaka,255,21.9,75,0,108
10-01-21,Dhaka,529,22.2,74,0,255
11-01-21,Dhaka,309,22.9,74,0,529
12-01-21,Dhaka,222,21.2,68,0,309
13-01-21,Dhaka,21,19,62,0,222
14-01-21,Dhaka,21,18.7,60,0,21
15-01-21,Dhaka,22,17.8,64,0,21
16-01-21,Dhaka,22,18.2,71,0,22
17-01-21,Dhaka,7,17.7,78,0,22
18-01-21,Dhaka,10,17.2,81,0,7
19-01-21,Dhaka,5,18.5,85,0,10
20-01-21,Dhaka,5,19.5,85,0,5
21-01-21,Dhaka,9,19.5,78,0,5
22-01-21,Dhaka,4,17.9,80,0,9
23-01-21,Dhaka,5,16.6,84,0,4
24-01-21,Dhaka,5,17.6,85,0,5
25-01-21,Dhaka,4,18.6,73,0,5
26-01-21,Dhaka,3,17.9,79,0,4
27-01-21,Dhaka,5,17.2,74,0,3
28-01-21,Dhaka,2,17.5,78,0,5
29-01-21,Dhaka,3,19,72,0,2
30-01-21,Dhaka,0,18,64,0,3
31-01-21,Dhaka,2,16.4,64,0,0
01-02-21,Dhaka,9,15.9,68,0,2
02-02-21,Dhaka,7,19.1,62,0,9
03-02-21,Dhaka,2,20.3,58,0,7
04-02-21,Dhaka,1,20.7,65,0,2
05-02-21,Dhaka,10,21.4,63,0,1
06-02-21,Dhaka,28,22.3,53,0,10
07-02-21,Dhaka,53,20.8,59,0,28
08-02-21,Dhaka,65,22,52,0,53
09-02-21,Dhaka,215,21.7,50,0,65
10-02-21,Dhaka,484,21.2,57,0,215
11-02-21,Dhaka,407,22,66,0,484
12-02-21,Dhaka,82,21.8,71,0,407
13-02-21,Dhaka,4,21.8,63,0,82
14-02-21,Dhaka,1,22.3,64,0,4
15-02-21,Dhaka,1,22.8,64,0,1
16-02-21,Dhaka,1,22.9,64,0,1
17-02-21,Dhaka,3,22.8,65,0,1
18-02-21,Dhaka,2,24.4,55,0,3
19-02-21,Dhaka,8,24.6,60,0,2
20-02-21,Dhaka,2,22.9,60,0,8
21-02-21,Dhaka,0,24,51,0,2
22-02-21,Dhaka,0,24.5,48,0,0
23-02-21,Dhaka,1,24,56,0,0
24-02-21,Dhaka,2,24.7,63,0,1
25-02-21,Dhaka,1,25.8,59,0,2
26-02-21,Dhaka,4,26.7,66,0,1
27-02-21,Dhaka,2,27.3,66,0,4
28-02-21,Dhaka,2,27.4,69,0,2
01-03-21,Dhaka,11,27.9,68,0,2
02-03-21,Dhaka,10,26.6,55,0,11
03-03-21,Dhaka,2,26.6,46,0,10
04-03-21,Dhaka,4,25.8,51,0,2
05-03-21,Dhaka,8,27,73,0,4
06-03-21,Dhaka,32,27.7,71,0,8
07-03-21,Dhaka,49,27.7,69,0,32
08-03-21,Dhaka,135,27.7,74,0,49
09-03-21,Dhaka,280,27,75,0,135
10-03-21,Dhaka,429,26.9,77,0,280
11-03-21,Dhaka,357,27.5,75,0,429
12-03-21,Dhaka,211,28,69,0,357
13-03-21,Dhaka,0,25.6,70,0,211
14-03-21,Dhaka,0,25.4,59,3,0
15-03-21,Dhaka,1,26.5,59,0,0
16-03-21,Dhaka,1,27.8,58,0,1
17-03-21,Dhaka,2,28.1,47,0,1
18-03-21,Dhaka,2,28.1,47,0,2
19-03-21,Dhaka,2,28.3,50,0,2
20-03-21,Dhaka,3,29.1,48,0,2
21-03-21,Dhaka,1,30.3,52,0,3
22-03-21,Dhaka,0,29.7,51,0,1
23-03-21,Dhaka,0,30.6,42,0,0
24-03-21,Dhaka,0,31.7,45,0,0
25-03-21,Dhaka,2,30.5,35,0,0
26-03-21,Dhaka,3,30.6,36,0,2
27-03-21,Dhaka,4,29.7,42,0,3
28-03-21,Dhaka,7,30.4,39,0,4
29-03-21,Dhaka,4,29.9,64,0,7
30-03-21,Dhaka,2,30.1,75,0,4
31-03-21,Dhaka,0,30.8,71,0,2
01-04-21,Dhaka,12,31.1,65,0,0
02-04-21,Dhaka,14,30.4,62,0,12
03-04-21,Dhaka,2,29.6,67,0,14
04-04-21,Dhaka,4,27.8,59,0,2
05-04-21,Dhaka,8,27.1,54,10,4
06-04-21,Dhaka,36,28.4,52,0,8
07-04-21,Dhaka,53,30.3,59,0,36
08-04-21,Dhaka,116,29.4,65,0,53
09-04-21,Dhaka,218,29.9,63,0,116
10-04-21,Dhaka,305,30.2,71,0,218
11-04-21,Dhaka,217,30.7,63,0,305
12-04-21,Dhaka,212,31.7,59,0,217
13-04-21,Dhaka,5,31.4,59,0,212
14-04-21,Dhaka,4,31.4,65,0,5
15-04-21,Dhaka,3,31,69,0,4
16-04-21,Dhaka,5,30.7,68,0,3
17-04-21,Dhaka,5,27.4,69,24,5
18-04-21,Dhaka,1,29.9,64,0,5
19-04-21,Dhaka,0,31,63,0,1
20-04-21,Dhaka,4,31.2,70,0,0
21-04-21,Dhaka,8,30.7,66,0,4
22-04-21,Dhaka,6,28.8,71,3,8
23-04-21,Dhaka,6,29,51,0,6
24-04-21,Dhaka,3,30.5,46,0,6
25-04-21,Dhaka,6,33.4,41,0,3
26-04-21,Dhaka,12,33.1,47,0,6
27-04-21,Dhaka,13,32.4,58,0,12
28-04-21,Dhaka,11,30.6,64,0,13
29-04-21,Dhaka,11,31.4,59,2,11
30-04-21,Dhaka,16,32.2,56,0,11
01-05-21,Dhaka,12,30.5,55,0,16
02-05-21,Dhaka,11,29.6,64,0,12
03-05-21,Dhaka,11,28.8,64,9,11
04-05-21,Dhaka,11,27.2,71,0,11
05-05-21,Dhaka,3,29.2,60,0,11
06-05-21,Dhaka,4,28.8,63,0,3
07-05-21,Dhaka,10,30.8,58,2,4
08-05-21,Dhaka,35,30,60,0,10
09-05-21,Dhaka,45,28.2,65,0,35
10-05-21,Dhaka,102,28.8,67,0,45
11-05-21,Dhaka,291,25.5,81,24,102
12-05-21,Dhaka,326,28.7,65,14,291
13-05-21,Dhaka,258,27.7,76,0,326
14-05-21,Dhaka,176,30,68,0,258
15-05-21,Dhaka,13,28.8,79,0,176
16-05-21,Dhaka,12,30.7,71,53,13
17-05-21,Dhaka,19,31.9,70,0,12
18-05-21,Dhaka,24,28.8,85,0,19
19-05-21,Dhaka,28,30.9,76,45,24
20-05-21,Dhaka,17,31.2,74,0,28
21-05-21,Dhaka,19,32.3,66,0,17
22-05-21,Dhaka,15,32.9,63,0,19
23-05-21,Dhaka,18,33.9,62,0,15
24-05-21,Dhaka,17,31.7,68,0,18
25-05-21,Dhaka,18,29.5,77,36,17
26-05-21,Dhaka,19,28.2,71,1,18
27-05-21,Dhaka,19,29.4,77,0,19
28-05-21,Dhaka,15,30.7,77,2,19
29-05-21,Dhaka,27,31.7,70,1,15
30-05-21,Dhaka,28,30.7,75,4,27
31-05-21,Dhaka,24,27.6,86,25,28
01-06-21,Dhaka,22,26.7,89,21,24
02-06-21,Dhaka,33,30.1,75,85,22
03-06-21,Dhaka,13,29.8,79,0,33
04-06-21,Dhaka,3,31.4,73,15,13
05-06-21,Dhaka,4,27,89,0,3
06-06-21,Dhaka,4,27.1,90,118,4
07-06-21,Dhaka,9,29,81,12,4
08-06-21,Dhaka,38,27.5,85,0,9
09-06-21,Dhaka,58,30.4,74,10,38
10-06-21,Dhaka,154,30.4,74,23,58
11-06-21,Dhaka,212,28.2,86,31,154
12-06-21,Dhaka,450,29.4,79,30,212
13-06-21,Dhaka,307,29.9,79,2,450
14-06-21,Dhaka,138,28.9,85,4,307
15-06-21,Dhaka,25,28.8,85,5,138
16-06-21,Dhaka,39,27.5,84,9,25
17-06-21,Dhaka,33,27.2,85,5,39
18-06-21,Dhaka,42,27.1,87,30,33
19-06-21,Dhaka,40,25.6,93,22,42
20-06-21,Dhaka,42,26.6,90,31,40
21-06-21,Dhaka,44,28.2,87,12,42
22-06-21,Dhaka,43,27.5,91,3,44
23-06-21,Dhaka,34,29.5,79,24,43
24-06-21,Dhaka,48,30,78,0,34
25-06-21,Dhaka,46,29.9,79,1,48
26-06-21,Dhaka,32,30,81,0,46
27-06-21,Dhaka,57,30.1,80,6,32
28-06-21,Dhaka,47,29.9,82,1,57
29-06-21,Dhaka,41,27.7,89,0,47
30-06-21,Dhaka,51,28.6,86,46,41
01-07-21,Dhaka,59,26,87,19,51
02-07-21,Dhaka,49,25.8,93,33,59
03-07-21,Dhaka,13,28.9,83,64,49
04-07-21,Dhaka,3,27.6,91,1,13
05-07-21,Dhaka,3,29.8,81,60,3
06-07-21,Dhaka,4,30.2,83,1,3
07-07-21,Dhaka,5,28.5,89,4,4
08-07-21,Dhaka,8,29.5,80,5,5
09-07-21,Dhaka,18,29.8,80,3,8
10-07-21,Dhaka,54,30.4,80,0,18
11-07-21,Dhaka,138,30.6,78,0,54
12-07-21,Dhaka,351,31.4,73,0,138
13-07-21,Dhaka,348,30,78,0,351
14-07-21,Dhaka,323,30.6,74,0,348
15-07-21,Dhaka,134,31.5,71,0,323
16-07-21,Dhaka,68,30.2,80,0,134
17-07-21,Dhaka,59,29.9,81,4,68
18-07-21,Dhaka,53,29.7,82,0,59
19-07-21,Dhaka,85,28.5,90,5,53
20-07-21,Dhaka,60,28.9,86,8,85
21-07-21,Dhaka,66,29.3,85,14,60
22-07-21,Dhaka,46,30.3,77,20,66
23-07-21,Dhaka,80,28.8,83,1,46
24-07-21,Dhaka,88,28.5,90,2,80
25-07-21,Dhaka,82,30.3,79,16,88
26-07-21,Dhaka,89,31.2,78,3,82
27-07-21,Dhaka,96,29.1,83,0,89
28-07-21,Dhaka,91,28.5,83,22,96
29-07-21,Dhaka,74,26.9,93,2,91
30-07-21,Dhaka,87,28.2,90,32,74
31-07-21,Dhaka,105,28.5,88,14,87
01-08-21,Dhaka,102,28.8,87,4,105
02-08-21,Dhaka,138,29.3,86,4,102
03-08-21,Dhaka,134,30.2,81,3,138
04-08-21,Dhaka,16,30,83,12,134
05-08-21,Dhaka,6,30.7,78,8,16
06-08-21,Dhaka,2,29.2,85,13,6
07-08-21,Dhaka,4,28.6,86,16,2
08-08-21,Dhaka,20,28.4,87,11,4
09-08-21,Dhaka,13,30,84,11,20
10-08-21,Dhaka,48,29.4,88,1,13
11-08-21,Dhaka,135,29.8,85,14,48
12-08-21,Dhaka,226,29.8,84,3,135
13-08-21,Dhaka,478,29,88,25,226
14-08-21,Dhaka,259,30,82,38,478
15-08-21,Dhaka,145,30.3,81,0,259
16-08-21,Dhaka,167,29.7,81,0,145
17-08-21,Dhaka,171,28.5,85,13,167
18-08-21,Dhaka,185,27.9,88,11,171
19-08-21,Dhaka,127,28.6,83,3,185
20-08-21,Dhaka,193,28.9,81,0,127
21-08-21,Dhaka,184,29.3,80,1,193
22-08-21,Dhaka,153,30.6,75,5,184
23-08-21,Dhaka,210,28.3,86,0,153
24-08-21,Dhaka,226,29.2,83,31,210
25-08-21,Dhaka,218,29.6,85,9,226
26-08-21,Dhaka,103,27.8,90,6,218
27-08-21,Dhaka,229,29.2,85,5,103
28-08-21,Dhaka,225,30.3,76,1,229
29-08-21,Dhaka,201,29.5,80,0,225
30-08-21,Dhaka,218,29.3,80,1,201
31-08-21,Dhaka,262,29.7,81,0,218
01-09-21,Dhaka,262,29,84,1,262
02-09-21,Dhaka,177,28.4,87,1,262
03-09-21,Dhaka,364,30.7,74,13,177
04-09-21,Dhaka,18,30,82,0,364
05-09-21,Dhaka,601,30.6,77,2,18
06-09-21,Dhaka,4,30,75,18,601
07-09-21,Dhaka,3,29,79,1,4
08-09-21,Dhaka,13,28.8,80,2,3
09-09-21,Dhaka,20,28.4,87,0,13
10-09-21,Dhaka,37,31.3,75,14,20
11-09-21,Dhaka,99,31.1,75,6,37
12-09-21,Dhaka,277,31.2,71,0,99
13-09-21,Dhaka,354,30.2,73,0,277
14-09-21,Dhaka,305,27.7,87,1,354
15-09-21,Dhaka,65,30.2,77,9,305
16-09-21,Dhaka,221,29.4,82,0,65
17-09-21,Dhaka,370,28.5,85,1,221
18-09-21,Dhaka,412,28.5,85,1,370
19-09-21,Dhaka,520,27.9,84,2,412
20-09-21,Dhaka,419,28.3,83,0,520
21-09-21,Dhaka,426,28.8,80,0,419
22-09-21,Dhaka,399,28.8,78,0,426
23-09-21,Dhaka,313,30.1,74,1,399
24-09-21,Dhaka,428,31.6,73,0,313
25-09-21,Dhaka,451,28.3,88,0,428
26-09-21,Dhaka,337,29.1,80,54,451
27-09-21,Dhaka,413,29.6,78,8,337
28-09-21,Dhaka,418,28,82,0,413
29-09-21,Dhaka,413,27.5,89,4,418
30-09-21,Dhaka,303,30.1,77,2,413
01-10-21,Dhaka,431,30.4,78,0,303
02-10-21,Dhaka,496,30.7,75,0,431
03-10-21,Dhaka,351,29.3,80,0,496
04-10-21,Dhaka,18,29.3,81,3,351
05-10-21,Dhaka,3,27.7,89,2,18
06-10-21,Dhaka,5,27.8,87,15,3
07-10-21,Dhaka,4,29.5,80,44,5
08-10-21,Dhaka,15,29.9,80,0,4
09-10-21,Dhaka,32,30.4,78,0,15
10-10-21,Dhaka,42,30.3,80,0,32
11-10-21,Dhaka,162,31.2,71,1,42
12-10-21,Dhaka,357,31.2,75,0,162
13-10-21,Dhaka,445,29.9,80,0,357
14-10-21,Dhaka,293,30,78,0,445
15-10-21,Dhaka,148,31.3,72,1,293
16-10-21,Dhaka,465,29.4,81,2,148
17-10-21,Dhaka,315,30.3,73,14,465
18-10-21,Dhaka,424,27.2,85,0,315
19-10-21,Dhaka,451,26.7,87,27,424
20-10-21,Dhaka,442,27,89,14,451
21-10-21,Dhaka,353,27.5,79,33,442
22-10-21,Dhaka,446,26.6,82,0,353
23-10-21,Dhaka,432,26.9,75,0,446
24-10-21,Dhaka,300,27.1,70,0,432
25-10-21,Dhaka,397,26.4,80,0,300
26-10-21,Dhaka,429,27.1,77,10,397
27-10-21,Dhaka,420,27.1,78,0,429
28-10-21,Dhaka,321,27.7,77,0,420
29-10-21,Dhaka,384,29.1,66,0,321
30-10-21,Dhaka,388,28.4,60,0,384
31-10-21,Dhaka,248,27,54,0,388
01-11-21,Dhaka,371,25.5,65,0,248
02-11-21,Dhaka,432,25.3,66,0,371
03-11-21,Dhaka,385,26.1,66,0,432
04-11-21,Dhaka,20,25.6,56,0,385
05-11-21,Dhaka,3,25.1,62,0,20
06-11-21,Dhaka,2,25.2,59,0,3
07-11-21,Dhaka,4,24,68,0,2
08-11-21,Dhaka,11,24.4,70,0,4
09-11-21,Dhaka,33,25,69,0,11
10-11-21,Dhaka,44,25.7,67,0,33
11-11-21,Dhaka,160,26.6,67,0,44
12-11-21,Dhaka,331,26.2,65,0,160
13-11-21,Dhaka,310,21.6,90,0,331
14-11-21,Dhaka,138,21.4,90,16,310
15-11-21,Dhaka,108,22,92,10,138
16-11-21,Dhaka,267,23.6,74,1,108
17-11-21,Dhaka,264,23.7,69,0,267
18-11-21,Dhaka,204,24,66,0,264
19-11-21,Dhaka,224,23.5,72,0,204
20-11-21,Dhaka,213,23.8,69,0,224
21-11-21,Dhaka,122,24,67,0,213
22-11-21,Dhaka,197,24.7,67,0,122
23-11-21,Dhaka,198,25.5,72,0,197
24-11-21,Dhaka,175,25,70,0,198
25-11-21,Dhaka,150,23.7,62,0,175
26-11-21,Dhaka,164,23,59,0,150
27-11-21,Dhaka,146,22.3,66,0,164
28-11-21,Dhaka,96,22.4,65,0,146
29-11-21,Dhaka,142,22.9,64,0,96
30-11-21,Dhaka,160,22.8,68,0,142
01-12-21,Dhaka,118,23.8,65,0,160
02-12-21,Dhaka,148,23.8,67,0,118
03-12-21,Dhaka,136,23.6,68,0,148
04-12-21,Dhaka,18,23.4,73,0,136
05-12-21,Dhaka,2,21.9,88,0,18
06-12-21,Dhaka,1,20.9,98,44,2
07-12-21,Dhaka,4,21.9,94,104,1
08-12-21,Dhaka,9,22.6,86,3,4
09-12-21,Dhaka,36,23.8,73,0,9
10-12-21,Dhaka,50,22.1,71,2,36
11-12-21,Dhaka,143,21.8,71,0,50
12-12-21,Dhaka,366,21.1,63,0,143
13-12-21,Dhaka,476,20.4,70,0,366
14-12-21,Dhaka,323,21.3,66,0,476
15-12-21,Dhaka,123,21.3,65,0,323
16-12-21,Dhaka,112,21.1,67,0,123
17-12-21,Dhaka,104,20.9,62,0,112
18-12-21,Dhaka,99,21,65,0,104
19-12-21,Dhaka,32,19.5,60,0,99
20-12-21,Dhaka,72,18.2,67,0,32
21-12-21,Dhaka,70,19.3,73,0,72
22-12-21,Dhaka,70,19.1,80,0,70
23-12-21,Dhaka,71,19.1,79,0,70
24-12-21,Dhaka,72,19.5,76,0,71
25-12-21,Dhaka,58,20,76,0,72
26-12-21,Dhaka,31,20,73,0,58
27-12-21,Dhaka,63,20.2,75,0,31
28-12-21,Dhaka,31,20,73,0,63
29-12-21,Dhaka,47,19.7,75,0,31
30-12-21,Dhaka,39,20.6,72,0,47
31-12-21,Dhaka,40,20.7,65,0,39